date,palladium_usd_per_troy_ounce
2012-07-25,565.0
2014-01-10,736.0
2014-01-13,740.0
2014-01-14,736.0
2014-01-15,733.5
2014-01-16,738.0
2014-01-17,743.0
2014-01-20,748.5
2014-01-21,746.0
2014-01-22,744.0
2014-01-23,747.0
2014-01-24,744.0
2014-01-27,732.0
2014-01-28,723.0
2014-01-29,717.0
2014-01-30,715.0
2014-01-31,706.5
2014-02-03,709.0
2014-02-04,703.0
2014-02-05,711.0
2014-02-06,711.0
2014-02-07,712.5
2014-02-10,716.0
2014-02-11,720.0
2014-02-12,722.0
2014-02-13,725.5
2014-02-14,737.0
2014-02-17,738.0
2014-02-18,734.5
2014-02-19,738.0
2014-02-20,734.5
2014-02-21,738.0
2014-02-24,740.0
2014-02-25,738.5
2014-02-26,734.5
2014-02-27,738.0
2014-02-28,743.5
2014-03-03,747.5
2014-03-04,748.0
2014-03-05,768.0
2014-03-06,777.0
2014-03-07,776.0
2014-03-10,773.75
2014-03-11,777.5
2014-03-12,764.0
2014-03-13,775.0
2014-03-14,776.0
2014-03-17,775.0
2014-03-18,768.0
2014-03-19,768.0
2014-03-20,755.0
2014-03-21,776.0
2014-03-24,794.25
2014-03-25,788.25
2014-03-26,784.0
2014-03-27,765.0
2014-03-28,768.0
2014-03-31,777.5
2014-04-01,774.75
2014-04-02,779.0
2014-04-03,785.5
2014-04-04,788.0
2014-04-07,784.0
2014-04-08,775.0
2014-04-09,775.5
2014-04-10,787.0
2014-04-11,788.0
2014-04-14,811.5
2014-04-15,793.5
2014-04-16,799.0
2014-04-17,799.0
2014-04-18,799.0
2014-04-21,799.0
2014-04-22,785.5
2014-04-24,786.0
2014-04-25,804.5
2014-04-28,811.0
2014-04-29,798.25
2014-04-30,803.0
2014-05-02,815.0
2014-05-05,815.0
2014-05-06,815.5
2014-05-07,813.0
2014-05-08,804.0
2014-05-09,803.5
2014-05-12,805.0
2014-05-13,810.5
2014-05-14,822.5
2014-05-15,822.5
2014-05-16,812.0
2014-05-20,818.5
2014-05-21,828.0
2014-05-22,833.0
2014-05-23,831.5
2014-05-26,831.5
2014-05-27,832.5
2014-05-28,839.5
2014-05-29,833.0
2014-05-30,833.5
2014-06-02,833.5
2014-06-03,834.0
2014-06-04,833.5
2014-06-05,836.5
2014-06-06,840.5
2014-06-09,844.0
2014-06-10,847.5
2014-06-11,854.5
2014-06-12,844.5
2014-06-13,820.5
2014-06-16,813.0
2014-06-17,810.5
2014-06-18,826.0
2014-06-19,828.5
2014-06-20,829.0
2014-06-23,815.5
2014-06-24,827.5
2014-06-25,825.5
2014-06-26,831.5
2014-06-27,838.0
2014-06-30,843.0
2014-07-01,847.0
2014-07-02,854.5
2014-07-03,855.5
2014-07-04,860.0
2014-07-07,866.0
2014-07-08,869.5
2014-07-09,872.0
2014-07-10,869.5
2014-07-11,867.0
2014-07-14,870.0
2014-07-15,873.0
2014-07-16,869.0
2014-07-17,884.0
2014-07-18,879.0
2014-07-21,883.0
2014-07-22,871.0
2014-07-23,873.5
2014-07-24,869.5
2014-07-25,875.5
2014-07-31,880.0
2014-08-01,871.5
2014-08-04,868.0
2014-08-05,849.0
2014-08-06,846.0
2014-08-07,853.5
2014-08-08,857.5
2014-08-11,862.0
2014-08-12,879.0
2014-08-13,879.0
2014-08-14,881.5
2014-08-15,881.5
2014-08-18,899.0
2014-08-19,895.5
2014-08-20,869.0
2014-08-21,873.5
2014-08-22,852.5
2014-08-25,882.5
2014-08-26,887.0
2014-08-27,887.0
2014-08-28,897.5
2014-08-29,896.5
2014-09-01,909.0
2014-09-02,894.0
2014-09-03,875.0
2014-09-04,883.5
2014-09-05,887.0
2014-09-08,894.0
2014-09-09,883.5
2014-09-10,856.0
2014-09-11,847.0
2014-09-12,829.0
2014-09-15,845.0
2014-09-16,838.0
2014-09-17,843.0
2014-09-18,826.0
2014-09-19,825.0
2014-09-22,807.0
2014-09-23,813.5
2014-09-24,822.0
2014-09-25,804.0
2014-09-26,803.5
2014-09-29,786.0
2014-09-30,780.5
2014-10-01,770.0
2014-10-02,779.5
2014-10-08,796.0
2014-10-09,808.0
2014-10-10,787.5
2014-10-13,786.0
2014-10-14,791.5
2014-10-15,783.5
2014-10-16,752.0
2014-10-17,753.5
2014-10-20,755.0
2014-10-21,767.0
2014-10-22,773.5
2014-10-23,769.0
2014-10-24,785.5
2014-10-27,784.5
2014-10-30,786.5
2014-10-31,781.5
2014-11-03,802.5
2014-11-04,798.5
2014-11-05,763.0
2014-11-06,757.5
2014-11-07,758.5
2014-11-10,771.0
2014-11-11,763.0
2014-11-12,775.0
2014-11-13,772.5
2014-11-14,763.5
2014-11-17,767.5
2014-11-18,773.0
2014-11-19,776.0
2014-11-20,768.5
2014-11-21,785.5
2014-11-24,792.0
2014-11-25,796.0
2014-11-26,796.5
2014-11-27,802.5
2014-11-28,806.5
2014-12-01,806.5
2014-12-02,806.5
2014-12-03,807.0
2014-12-04,798.5
2014-12-05,803.5
2014-12-08,804.0
2014-12-09,806.0
2014-12-10,815.0
2014-12-11,817.0
2014-12-12,817.5
2014-12-15,812.0
2014-12-16,802.0
2014-12-17,786.5
2014-12-18,788.0
2014-12-19,793.5
2014-12-22,808.0
2014-12-23,810.5
2014-12-24,809.0
2014-12-25,809.0
2014-12-26,809.0
2014-12-29,812.5
2014-12-30,810.5
2014-12-31,798.0
2015-01-02,793.5
2015-01-05,796.5
2015-01-06,797.5
2015-01-07,798.0
2015-01-08,790.5
2015-01-09,794.5
2015-01-12,805.5
2015-01-13,813.5
2015-01-14,792.0
2015-01-15,775.5
2015-01-16,765.0
2015-01-19,763.0
2015-01-20,773.0
2015-01-21,778.0
2015-01-22,762.0
2015-01-23,771.0
2015-01-26,769.5
2015-01-27,780.5
2015-01-28,787.0
2015-01-29,788.0
2015-01-30,779.0
2015-02-02,772.5
2015-02-03,793.0
2015-02-04,789.0
2015-02-05,789.0
2015-02-06,790.0
2015-02-09,780.5
2015-02-10,777.5
2015-02-11,770.5
2015-02-12,773.5
2015-02-13,778.0
2015-02-16,786.0
2015-02-17,784.0
2015-02-18,780.5
2015-02-19,778.5
2015-02-20,781.0
2015-02-23,779.0
2015-02-24,785.5
2015-02-25,803.5
2015-02-26,814.0
2015-02-27,806.0
2015-03-02,818.5
2015-03-03,828.0
2015-03-04,826.0
2015-03-05,829.0
2015-03-06,823.0
2015-03-09,822.0
2015-03-10,806.5
2015-03-11,799.5
2015-03-12,792.5
2015-03-13,793.0
2015-03-16,788.5
2015-03-17,771.0
2015-03-18,763.5
2015-03-19,772.0
2015-03-20,774.5
2015-03-23,776.5
2015-03-24,770.5
2015-03-25,766.5
2015-03-26,773.5
2015-03-27,754.0
2015-03-30,740.0
2015-03-31,731.5
2015-04-01,739.5
2015-04-02,749.0
2015-04-03,749.0
2015-04-06,749.0
2015-04-07,774.0
2015-04-08,766.5
2015-04-09,758.0
2015-04-10,772.0
2015-04-13,780.5
2015-04-14,758.5
2015-04-15,762.0
2015-04-16,772.5
2015-04-17,778.5
2015-04-20,775.0
2015-04-21,775.0
2015-04-22,767.0
2015-04-24,748.0
2015-04-27,772.0
2015-04-28,772.0
2015-04-29,775.0
2015-04-30,780.0
2015-05-04,774.5
2015-05-05,788.0
2015-05-06,791.0
2015-05-07,789.5
2015-05-08,792.5
2015-05-11,787.5
2015-05-12,786.0
2015-05-13,786.5
2015-05-14,781.0
2015-05-15,784.0
2015-05-18,794.0
2015-05-20,783.0
2015-05-21,777.0
2015-05-22,775.0
2015-05-25,775.0
2015-05-26,780.5
2015-05-27,785.5
2015-05-28,786.0
2015-05-29,782.0
2015-06-01,775.0
2015-06-02,773.0
2015-06-03,766.0
2015-06-04,760.0
2015-06-05,754.0
2015-06-08,749.0
2015-06-09,748.0
2015-06-10,748.0
2015-06-11,743.5
2015-06-12,740.5
2015-06-15,733.5
2015-06-16,739.5
2015-06-17,730.5
2015-06-18,724.5
2015-06-19,718.0
2015-06-22,699.5
2015-06-23,697.5
2015-06-24,701.5
2015-06-25,687.0
2015-06-26,676.0
2015-06-29,672.0
2015-06-30,673.5
2015-07-01,693.0
2015-07-02,699.5
2015-07-03,688.0
2015-07-06,670.5
2015-07-07,670.0
2015-07-08,638.0
2015-07-09,655.5
2015-07-10,650.0
2015-07-13,655.0
2015-07-14,655.5
2015-07-15,660.0
2015-07-20,623.5
2015-07-21,610.0
2015-07-22,617.0
2015-07-23,617.0
2015-07-24,634.0
2015-07-27,619.5
2015-07-28,624.5
2015-07-29,625.0
2015-07-30,621.0
2015-07-31,621.0
2015-08-03,611.0
2015-08-04,617.5
2015-08-05,596.5
2015-08-06,596.5
2015-08-07,599.0
2015-08-10,602.0
2015-08-11,601.0
2015-08-12,615.5
2015-08-13,607.5
2015-08-14,617.5
2015-08-17,621.5
2015-08-18,615.5
2015-08-19,600.5
2015-08-20,597.5
2015-08-21,615.0
2015-08-24,608.0
2015-08-25,583.0
2015-08-26,553.5
2015-08-27,531.5
2015-08-28,546.5
2015-08-31,568.0
2015-09-01,568.0
2015-09-02,568.0
2015-09-03,577.5
2015-09-04,586.0
2015-09-07,577.5
2015-09-08,581.5
2015-09-09,591.0
2015-09-10,585.0
2015-09-11,587.5
2015-09-14,585.0
2015-09-15,589.5
2015-09-16,590.0
2015-09-17,597.5
2015-09-18,604.5
2015-09-21,610.0
2015-09-22,601.5
2015-09-28,665.5
2015-09-29,653.0
2015-09-30,645.0
2015-10-01,664.0
2015-10-02,659.0
2015-10-05,691.0
2015-10-06,707.5
2015-10-07,461.03
2015-10-08,700.0
2015-10-09,693.5
2015-10-12,715.0
2015-10-13,712.0
2015-10-14,687.5
2015-10-15,687.5
2015-10-16,704.5
2015-10-19,700.5
2015-10-20,692.5
2015-10-21,687.0
2015-10-22,682.5
2015-10-23,672.0
2015-10-26,698.5
2015-10-27,683.0
2015-10-30,672.5
2015-11-02,679.0
2015-11-03,657.0
2015-11-04,644.0
2015-11-05,648.0
2015-11-06,611.5
2015-11-09,608.0
2015-11-10,604.5
2015-11-11,606.25
2015-11-12,593.5
2015-11-13,574.5
2015-11-16,549.0
2015-11-17,542.0
2015-11-18,546.0
2015-11-19,545.0
2015-11-20,535.5
2015-11-23,548.0
2015-11-24,548.0
2015-11-25,537.0
2015-11-26,540.5
2015-11-27,554.5
2015-11-30,553.0
2015-12-01,543.0
2015-12-02,548.0
2015-12-03,533.5
2015-12-04,528.0
2015-12-07,542.0
2015-12-08,557.0
2015-12-09,554.5
2015-12-10,549.0
2015-12-11,555.0
2015-12-14,543.5
2015-12-15,548.0
2015-12-16,556.5
2015-12-17,569.5
2015-12-18,563.5
2015-12-21,549.5
2015-12-22,558.0
2015-12-23,557.5
2015-12-24,555.0
2015-12-25,554.0
2015-12-28,554.0
2015-12-29,555.0
2015-12-30,555.0
2015-12-31,554.5
2016-01-04,546.0
2016-01-05,548.5
2016-01-06,544.5
2016-01-07,488.0
2016-01-08,491.0
2016-01-11,485.0
2016-01-12,485.5
2016-01-13,467.5
2016-01-14,486.5
2016-01-15,492.0
2016-01-18,488.0
2016-01-19,495.65
2016-01-20,498.5
2016-01-21,496.5
2016-01-22,505.8
2016-01-25,492.45
2016-01-26,494.0
2016-01-27,494.8
2016-01-28,494.0
2016-01-29,497.3
2016-02-01,501.22
2016-02-02,494.75
2016-02-03,496.0
2016-02-04,505.95
2016-02-05,508.75
2016-02-08,513.0
2016-02-10,515.35
2016-02-11,516.0
2016-02-12,523.25
2016-02-15,514.22
2016-02-16,508.0
2016-02-17,509.47
2016-02-18,507.18
2016-02-19,504.7
2016-02-22,497.03
2016-02-23,495.1
2016-02-24,498.5
2016-02-25,484.35
2016-02-26,490.8
2016-02-29,488.5
2016-03-01,506.5
2016-03-02,507.0
2016-03-03,521.72
2016-03-04,520.5
2016-03-07,545.5
2016-03-08,568.47
2016-03-09,570.5
2016-03-10,560.0
2016-03-11,566.5
2016-03-14,565.15
2016-03-15,571.0
2016-03-16,572.0
2016-03-17,586.2
2016-03-18,587.0
2016-03-21,597.0
2016-03-22,601.75
2016-03-23,597.0
2016-03-24,572.25
2016-03-25,574.0
2016-03-28,577.0
2016-03-29,563.75
2016-03-30,571.26
2016-03-31,573.5
2016-04-01,558.0
2016-04-04,557.3
2016-04-05,549.5
2016-04-06,541.3
2016-04-07,532.25
2016-04-08,537.0
2016-04-11,544.16
2016-04-12,542.0
2016-04-13,540.33
2016-04-14,544.5
2016-04-15,564.1
2016-04-18,565.0
2016-04-20,590.25
2016-04-21,587.0
2016-04-22,609.26
2016-04-25,604.25
2016-04-26,604.0
2016-04-27,600.27
2016-04-28,603.0
2016-04-29,626.86
2016-05-02,625.2
2016-05-03,615.48
2016-05-04,618.5
2016-05-05,607.6
2016-05-06,603.5
2016-05-09,591.9
2016-05-10,584.3
2016-05-11,603.97
2016-05-12,600.5
2016-05-13,590.5
2016-05-16,593.5
2016-05-17,593.0
2016-05-18,576.4
2016-05-20,568.5
2016-05-23,547.5
2016-05-24,543.1
2016-05-25,544.5
2016-05-26,545.51
2016-05-27,545.65
2016-05-30,537.88
2016-05-31,540.45
2016-06-01,541.0
2016-06-02,544.5
2016-06-03,552.41
2016-06-06,546.5
2016-06-07,547.18
2016-06-08,565.0
2016-06-09,563.0
2016-06-10,554.8
2016-06-13,544.91
2016-06-14,546.0
2016-06-15,542.28
2016-06-16,536.5
2016-06-17,539.5
2016-06-20,542.68
2016-06-21,541.47
2016-06-22,554.38
2016-06-23,558.72
2016-06-24,548.5
2016-06-27,553.75
2016-06-28,565.75
2016-06-29,565.35
2016-06-30,590.17
2016-07-01,595.5
2016-07-08,608.0
2016-07-11,618.97
2016-07-12,618.0
2016-07-13,626.0
2016-07-14,644.6
2016-07-15,640.5
2016-07-18,646.0
2016-07-19,650.7
2016-07-20,645.5
2016-07-21,651.0
2016-07-22,672.0
2016-07-25,682.0
2016-07-26,678.0
2016-07-27,694.72
2016-07-28,690.0
2016-07-29,706.4
2016-08-01,719.6
2016-08-02,721.05
2016-08-03,717.0
2016-08-04,711.3
2016-08-05,699.1
2016-08-08,701.0
2016-08-09,687.1
2016-08-10,728.4
2016-08-11,730.5
2016-08-12,692.3
2016-08-15,681.47
2016-08-16,686.0
2016-08-17,696.85
2016-08-18,702.61
2016-08-19,699.0
2016-08-22,707.0
2016-08-23,693.7
2016-08-24,695.5
2016-08-25,694.0
2016-08-26,691.0
2016-08-29,691.5
2016-08-31,673.9
2016-09-01,665.25
2016-09-02,668.75
2016-09-05,675.5
2016-09-06,686.0
2016-09-07,693.5
2016-09-08,690.5
2016-09-09,676.22
2016-09-16,653.75
2016-09-19,678.8
2016-09-20,681.0
2016-09-21,687.0
2016-09-22,696.9
2016-09-23,693.22
2016-09-26,693.5
2016-09-27,692.1
2016-09-28,700.8
2016-09-29,702.0
2016-09-30,721.9
2016-10-03,719.7
2016-10-04,720.5
2016-10-05,680.7
2016-10-06,662.75
2016-10-07,670.5
2016-10-10,661.5
2016-10-11,655.95
2016-10-12,660.5
2016-10-13,641.9
2016-10-14,639.47
2016-10-17,647.0
2016-10-18,638.5
2016-10-19,635.97
2016-10-20,638.5
2016-10-21,618.4
2016-10-24,627.0
2016-10-25,627.0
2016-10-26,629.05
2016-10-27,614.25
2016-10-31,615.0
2016-11-01,632.55
2016-11-02,632.1
2016-11-03,622.2
2016-11-04,618.8
2016-11-07,624.97
2016-11-08,650.5
2016-11-09,665.5
2016-11-10,684.75
2016-11-11,690.3
2016-11-14,673.47
2016-11-15,703.85
2016-11-16,715.3
2016-11-17,719.5
2016-11-18,713.97
2016-11-21,725.83
2016-11-22,737.45
2016-11-23,742.0
2016-11-24,732.08
2016-11-25,725.5
2016-11-28,726.5
2016-11-29,750.0
2016-11-30,766.68
2016-12-01,767.0
2016-12-02,770.5
2016-12-05,732.1
2016-12-06,730.5
2016-12-07,734.0
2016-12-08,725.6
2016-12-09,745.1
2016-12-12,726.5
2016-12-13,724.5
2016-12-14,730.0
2016-12-15,731.5
2016-12-16,725.5
2016-12-19,688.5
2016-12-20,683.0
2016-12-21,668.0
2016-12-22,661.0
2016-12-23,654.0
2016-12-26,654.0
2016-12-27,654.0
2016-12-28,654.0
2016-12-29,673.0
2016-12-30,670.0
2017-01-02,676.0
2017-01-03,676.0
2017-01-04,695.0
2017-01-05,731.0
2017-01-06,734.0
2017-01-09,744.5
2017-01-10,758.0
2017-01-11,757.0
2017-01-12,754.5
2017-01-13,756.5
2017-01-16,750.0
2017-01-17,742.5
2017-01-18,755.0
2017-01-19,744.0
2017-01-20,750.0
2017-01-23,756.5
2017-01-24,786.5
2017-01-25,781.0
2017-01-26,772.5
2017-01-27,727.0
2017-01-30,717.5
2017-01-31,745.0
2017-02-01,753.0
2017-02-02,761.5
2017-02-03,763.0
2017-02-06,748.0
2017-02-07,766.0
2017-02-08,761.5
2017-02-09,769.5
2017-02-10,775.0
2017-02-13,777.5
2017-02-14,777.0
2017-02-15,780.0
2017-02-16,781.5
2017-02-17,790.5
2017-02-20,792.0
2017-02-21,776.0
2017-02-22,765.0
2017-02-23,778.5
2017-02-24,772.5
2017-02-27,782.5
2017-02-28,778.5
2017-03-01,782.0
2017-03-02,776.5
2017-03-03,775.0
2017-03-06,761.5
2017-03-07,771.5
2017-03-08,770.0
2017-03-09,766.5
2017-03-10,756.5
2017-03-13,749.0
2017-03-14,751.0
2017-03-15,748.0
2017-03-16,746.0
2017-03-17,766.5
2017-03-20,774.5
2017-03-21,775.5
2017-03-22,786.0
2017-03-23,787.0
2017-03-24,798.0
2017-03-27,809.5
2017-03-28,804.5
2017-03-29,787.5
2017-03-30,790.5
2017-03-31,792.0
2017-04-03,797.5
2017-04-04,797.5
2017-04-05,805.5
2017-04-06,812.5
2017-04-07,804.5
2017-04-10,805.0
2017-04-11,794.5
2017-04-12,790.5
2017-04-13,798.0
2017-04-14,806.5
2017-04-17,806.5
2017-04-18,806.5
2017-04-19,789.5
2017-04-20,777.0
2017-04-21,790.5
2017-04-24,802.5
2017-04-25,797.5
2017-04-26,793.0
2017-04-27,800.5
2017-04-28,806.5
2017-05-02,820.0
2017-05-03,816.0
2017-05-04,803.5
2017-05-05,800.0
2017-05-08,807.0
2017-05-09,817.0
2017-05-10,802.5
2017-05-11,799.0
2017-05-12,803.0
2017-05-15,806.0
2017-05-16,813.0
2017-05-17,804.0
2017-05-18,784.5
2017-05-22,769.0
2017-05-23,757.0
2017-05-24,773.5
2017-05-25,767.5
2017-05-26,766.0
2017-05-29,777.0
2017-05-30,777.0
2017-05-31,796.5
2017-06-01,809.5
2017-06-02,819.5
2017-06-05,835.0
2017-06-06,842.0
2017-06-07,850.0
2017-06-08,850.0
2017-06-09,850.0
2017-06-12,879.5
2017-06-13,898.5
2017-06-14,893.0
2017-06-15,888.5
2017-06-16,857.0
2017-06-19,870.0
2017-06-20,872.0
2017-06-21,865.0
2017-06-22,878.0
2017-06-23,887.5
2017-06-28,863.5
2017-06-29,859.0
2017-06-30,856.5
2017-07-03,842.0
2017-07-04,840.5
2017-07-05,852.5
2017-07-06,848.0
2017-07-07,839.5
2017-07-10,835.5
2017-07-11,833.5
2017-07-12,839.0
2017-07-13,859.5
2017-07-14,868.5
2017-07-17,859.5
2017-07-18,858.5
2017-07-19,864.5
2017-07-20,866.0
2017-07-21,851.0
2017-07-24,850.0
2017-07-25,844.0
2017-07-26,859.0
2017-07-27,858.0
2017-07-28,878.5
2017-07-31,876.0
2017-08-01,883.0
2017-08-02,891.5
2017-08-03,899.5
2017-08-04,892.0
2017-08-07,884.0
2017-08-08,871.0
2017-08-09,889.5
2017-08-10,897.0
2017-08-11,899.0
2017-08-14,899.0
2017-08-15,898.5
2017-08-16,892.0
2017-08-17,894.5
2017-08-18,922.5
2017-08-21,930.0
2017-08-22,932.5
2017-08-23,935.5
2017-08-24,935.0
2017-08-25,936.5
2017-08-28,934.5
2017-08-29,934.5
2017-09-05,982.0
2017-09-06,979.0
2017-09-07,961.5
2017-09-08,943.5
2017-09-11,945.5
2017-09-12,942.5
2017-09-13,942.5
2017-09-14,946.5
2017-09-15,937.0
2017-09-18,926.5
2017-09-19,933.5
2017-09-20,922.5
2017-09-21,907.5
2017-09-22,915.0
2017-09-25,915.5
2017-09-26,918.5
2017-09-27,915.5
2017-09-28,916.5
2017-10-02,935.0
2017-10-03,937.0
2017-10-04,912.0
2017-10-05,919.0
2017-10-06,929.0
2017-10-09,942.5
2017-10-10,928.0
2017-10-11,937.0
2017-10-12,940.5
2017-10-13,972.5
2017-10-16,989.5
2017-10-17,1005.5
2017-10-18,985.5
2017-10-19,975.5
2017-10-20,954.0
2017-10-23,972.0
2017-10-24,965.0
2017-10-25,961.5
2017-10-26,968.5
2017-10-27,969.0
2017-10-30,970.0
2017-10-31,966.5
2017-11-01,974.5
2017-11-02,997.5
2017-11-03,997.5
2017-11-06,994.5
2017-11-07,997.5
2017-11-08,996.5
2017-11-09,1003.25
2017-11-10,1017.5
2017-11-13,1004.0
2017-11-14,990.5
2017-11-15,990.5
2017-11-16,979.5
2017-11-17,984.5
2017-11-20,995.5
2017-11-21,998.0
2017-11-22,994.0
2017-11-23,1003.5
2017-11-24,1003.5
2017-11-27,1005.0
2017-11-28,999.5
2017-11-29,1007.0
2017-11-30,1019.0
2017-12-01,1014.0
2017-12-04,1015.0
2017-12-05,1015.5
2017-12-06,994.0
2017-12-07,993.5
2017-12-08,1006.0
2017-12-11,1012.0
2017-12-12,1009.0
2017-12-13,1006.0
2017-12-14,1006.5
2017-12-15,1014.0
2017-12-18,1030.5
2017-12-19,1018.0
2017-12-20,1017.5
2017-12-21,1029.0
2017-12-22,1031.0
2017-12-25,1030.5
2017-12-26,1030.5
2017-12-27,1030.5
2017-12-28,1057.5
2017-12-29,1057.5
2018-01-02,1056.0
2018-01-03,1079.0
2018-01-04,1084.5
2018-01-05,1099.0
2018-01-08,1095.5
2018-01-09,1093.0
2018-01-10,1105.5
2018-01-11,1097.0
2018-01-12,1080.0
2018-01-15,1092.0
2018-01-16,1128.5
2018-01-17,1108.0
2018-01-18,1104.0
2018-01-19,1106.5
2018-01-22,1111.5
2018-01-23,1095.0
2018-01-24,1087.5
2018-01-25,1099.0
2018-01-26,1103.0
2018-01-29,1092.0
2018-01-30,1087.5
2018-01-31,1082.0
2018-02-01,1057.0
2018-02-02,1035.0
2018-02-05,1047.0
2018-02-06,1010.0
2018-02-07,1021.5
2018-02-08,1000.5
2018-02-09,987.5
2018-02-12,969.5
2018-02-13,986.0
2018-02-14,990.5
2018-02-15,991.0
2018-02-16,1018.5
2018-02-19,1032.5
2018-02-20,1042.0
2018-02-21,1032.0
2018-02-22,1027.5
2018-02-23,1028.5
2018-02-26,1041.0
2018-02-27,1061.5
2018-02-28,1061.5
2018-03-01,1045.0
2018-03-02,1015.5
2018-03-05,992.0
2018-03-06,987.5
2018-03-07,983.5
2018-03-09,971.0
2018-03-12,981.0
2018-03-13,988.5
2018-03-14,987.0
2018-03-15,1005.5
2018-03-16,990.5
2018-03-19,988.5
2018-03-20,998.0
2018-03-21,988.5
2018-03-22,987.0
2018-03-23,986.0
2018-03-26,984.0
2018-03-27,978.5
2018-03-28,979.0
2018-03-29,977.0
2018-03-30,970.5
2018-04-02,970.5
2018-04-03,970.5
2018-04-04,943.5
2018-04-05,926.0
2018-04-06,920.5
2018-04-09,907.5
2018-04-11,942.5
2018-04-12,956.5
2018-04-13,955.0
2018-04-16,982.0
2018-04-17,970.0
2018-04-18,996.5
2018-04-19,1025.0
2018-04-20,1045.5
2018-04-24,1004.0
2018-04-25,966.0
2018-04-26,970.0
2018-04-27,972.0
2018-04-30,982.5
2018-05-02,955.0
2018-05-03,963.0
2018-05-04,972.5
2018-05-07,964.0
2018-05-08,964.0
2018-05-09,971.5
2018-05-10,975.5
2018-05-11,984.5
2018-05-14,1004.0
2018-05-15,1000.0
2018-05-16,973.5
2018-05-17,985.0
2018-05-21,981.0
2018-05-22,975.0
2018-05-23,999.5
2018-05-24,975.0
2018-05-25,970.0
2018-05-28,979.0
2018-05-29,979.0
2018-05-30,981.0
2018-05-31,979.0
2018-06-01,987.5
2018-06-04,990.0
2018-06-05,1009.0
2018-06-06,988.5
2018-06-07,1003.0
2018-06-08,1022.0
2018-06-11,1014.0
2018-06-12,1017.0
2018-06-13,1023.5
2018-06-18,1001.0
2018-06-19,988.5
2018-06-20,982.5
2018-06-21,972.5
2018-06-22,962.0
2018-06-25,957.0
2018-06-26,953.0
2018-06-27,939.0
2018-06-28,947.5
2018-06-29,948.0
2018-07-02,948.0
2018-07-03,940.0
2018-07-04,942.0
2018-07-05,946.0
2018-07-06,948.0
2018-07-09,945.0
2018-07-10,962.0
2018-07-11,948.0
2018-07-12,939.0
2018-07-13,942.0
2018-07-16,942.0
2018-07-17,941.0
2018-07-18,920.0
2018-07-19,909.0
2018-07-20,904.0
2018-07-23,892.0
2018-07-24,890.0
2018-07-25,918.0
2018-07-26,927.0
2018-07-27,938.0
2018-07-30,927.0
2018-07-31,926.0
2018-08-01,926.0
2018-08-02,929.0
2018-08-03,921.0
2018-08-06,916.0
2018-08-07,908.0
2018-08-08,910.0
2018-08-09,905.0
2018-08-10,897.0
2018-08-13,899.0
2018-08-14,902.0
2018-08-15,893.0
2018-08-16,890.0
2018-08-17,864.0
2018-08-27,923.0
2018-08-28,923.0
2018-08-29,950.0
2018-08-31,980.0
2018-09-03,977.0
2018-09-04,985.0
2018-09-05,966.0
2018-09-06,974.0
2018-09-07,983.0
2018-09-10,979.0
2018-09-11,979.0
2018-09-12,969.0
2018-09-13,973.0
2018-09-14,977.0
2018-09-17,979.0
2018-09-18,980.0
2018-09-19,991.0
2018-09-20,1014.0
2018-09-21,1039.0
2018-09-24,1056.0
2018-09-25,1053.0
2018-09-26,1057.0
2018-09-27,1059.0
2018-09-28,1075.0
2018-10-01,1086.0
2018-10-02,1065.0
2018-10-03,1054.0
2018-10-04,1050.0
2018-10-05,1054.0
2018-10-08,1055.0
2018-10-09,1061.0
2018-10-10,1083.0
2018-10-11,1073.0
2018-10-12,1074.0
2018-10-15,1087.0
2018-10-16,1080.0
2018-10-17,1085.0
2018-10-18,1083.0
2018-10-19,1076.0
2018-10-22,1082.0
2018-10-23,1090.0
2018-10-24,1136.0
2018-10-25,1141.0
2018-10-26,1113.0
2018-10-30,1103.0
2018-10-31,1086.0
2018-11-01,1072.0
2018-11-02,1084.0
2018-11-05,1104.0
2018-11-06,1122.0
2018-11-07,1134.0
2018-11-08,1122.0
2018-11-09,1123.0
2018-11-12,1120.0
2018-11-13,1110.0
2018-11-14,1105.0
2018-11-15,1105.0
2018-11-16,1131.0
2018-11-19,1163.0
2018-11-20,1182.0
2018-11-21,1152.0
2018-11-22,1154.0
2018-11-23,1149.0
2018-11-26,1146.0
2018-11-27,1138.0
2018-11-28,1142.0
2018-11-29,1162.0
2018-11-30,1183.0
2018-12-03,1192.0
2018-12-04,1194.0
2018-12-05,1230.0
2018-12-06,1249.0
2018-12-07,1221.0
2018-12-10,1211.0
2018-12-11,1220.0
2018-12-12,1240.0
2018-12-13,1255.0
2018-12-14,1264.0
2018-12-17,1247.0
2018-12-18,1249.0
2018-12-19,1262.0
2018-12-20,1263.0
2018-12-21,1274.0
2018-12-24,1259.0
2018-12-25,1240.0
2018-12-26,1240.0
2018-12-27,1240.0
2018-12-28,1260.0
2018-12-31,1268.0
2019-01-02,1263.0
2019-01-03,1263.0
2019-01-04,1261.0
2019-01-07,1264.0
2019-01-08,1311.0
2019-01-09,1302.0
2019-01-10,1339.0
2019-01-11,1319.0
2019-01-14,1326.0
2019-01-15,1313.0
2019-01-16,1324.0
2019-01-17,1332.0
2019-01-18,1389.0
2019-01-21,1417.0
2019-01-22,1385.0
2019-01-23,1332.0
2019-01-24,1347.0
2019-01-25,1347.0
2019-01-28,1314.0
2019-01-29,1349.0
2019-01-30,1339.0
2019-01-31,1344.0
2019-02-01,1368.0
2019-02-04,1358.0
2019-02-05,1355.0
2019-02-06,1371.0
2019-02-07,1376.0
2019-02-08,1374.0
2019-02-11,1397.0
2019-02-12,1388.0
2019-02-13,1393.0
2019-02-14,1409.0
2019-02-15,1409.0
2019-02-18,1416.0
2019-02-19,1458.0
2019-02-20,1482.0
2019-02-21,1498.0
2019-02-22,1463.0
2019-02-25,1518.0
2019-02-26,1524.0
2019-02-27,1541.0
2019-02-28,1555.0
2019-03-01,1545.0
2019-03-04,1533.0
2019-03-05,1541.0
2019-03-06,1522.0
2019-03-07,1510.0
2019-03-08,1543.0
2019-03-11,1520.0
2019-03-12,1535.0
2019-03-13,1549.0
2019-03-14,1542.0
2019-03-15,1553.0
2019-03-18,1558.0
2019-03-19,1559.0
2019-03-20,1596.0
2019-03-21,1599.0
2019-03-22,1604.0
2019-03-25,1584.0
2019-03-26,1536.0
2019-03-27,1563.0
2019-03-28,1513.0
2019-03-29,1430.0
2019-04-01,1387.0
2019-04-02,1379.0
2019-04-03,1402.0
2019-04-04,1431.0
2019-04-05,1406.0
2019-04-08,1339.0
2019-04-09,1384.0
2019-04-10,1393.0
2019-04-11,1386.0
2019-04-12,1370.0
2019-04-15,1369.0
2019-04-16,1371.0
2019-04-17,1370.0
2019-04-18,1362.0
2019-04-19,1385.0
2019-04-22,1410.0
2019-04-24,1375.0
2019-04-25,1397.0
2019-04-26,1417.0
2019-04-29,1412.0
2019-04-30,1458.0
2019-05-02,1366.0
2019-05-03,1344.0
2019-05-06,1357.0
2019-05-07,1357.0
2019-05-08,1340.0
2019-05-09,1328.0
2019-05-10,1300.0
2019-05-13,1309.0
2019-05-14,1334.0
2019-05-15,1330.0
2019-05-16,1326.0
2019-05-17,1337.0
2019-05-20,1323.0
2019-05-21,1317.0
2019-05-22,1331.0
2019-05-23,1315.0
2019-05-24,1311.0
2019-05-27,1334.0
2019-05-28,1330.0
2019-05-29,1332.0
2019-05-30,1334.0
2019-05-31,1339.0
2019-06-07,1335.0
2019-06-10,1347.0
2019-06-11,1352.0
2019-06-12,1386.0
2019-06-13,1396.0
2019-06-14,1422.0
2019-06-17,1467.0
2019-06-18,1467.0
2019-06-19,1483.0
2019-06-20,1495.0
2019-06-21,1524.0
2019-06-24,1492.0
2019-06-25,1516.0
2019-06-26,1527.0
2019-06-27,1528.0
2019-06-28,1521.0
2019-07-01,1535.0
2019-07-02,1551.0
2019-07-03,1551.0
2019-07-04,1559.0
2019-07-05,1563.0
2019-07-08,1567.0
2019-07-09,1571.0
2019-07-10,1554.0
2019-07-11,1550.0
2019-07-12,1601.0
2019-07-16,1560.0
2019-07-17,1552.0
2019-07-18,1520.0
2019-07-19,1533.0
2019-07-22,1522.0
2019-07-23,1500.0
2019-07-24,1513.0
2019-07-25,1530.0
2019-07-26,1539.0
2019-07-29,1532.0
2019-07-30,1532.0
2019-07-31,1547.0
2019-08-01,1529.0
2019-08-02,1514.0
2019-08-05,1421.0
2019-08-06,1412.0
2019-08-07,1433.0
2019-08-08,1429.0
2019-08-09,1416.0
2019-08-15,1420.0
2019-08-16,1431.0
2019-08-19,1447.0
2019-08-20,1455.0
2019-08-21,1484.0
2019-08-22,1492.0
2019-08-23,1467.0
2019-08-26,1482.0
2019-08-27,1482.0
2019-08-28,1478.0
2019-08-29,1478.0
2019-09-02,1500.0
2019-09-03,1535.0
2019-09-04,1536.0
2019-09-05,1545.0
2019-09-06,1560.0
2019-09-09,1555.0
2019-09-10,1549.0
2019-09-11,1544.0
2019-09-12,1562.0
2019-09-13,1598.0
2019-09-16,1608.0
2019-09-17,1618.0
2019-09-18,1591.0
2019-09-19,1597.0
2019-09-20,1588.0
2019-09-23,1647.0
2019-09-24,1647.0
2019-09-25,1656.0
2019-09-26,1672.0
2019-09-27,1648.0
2019-09-30,1655.0
2019-10-01,1691.0
2019-10-02,1667.0
2019-10-03,1645.0
2019-10-04,1693.0
2019-10-07,1661.0
2019-10-08,1652.0
2019-10-09,1629.0
2019-10-10,1659.0
2019-10-11,1684.0
2019-10-14,1706.0
2019-10-15,1701.0
2019-10-16,1726.0
2019-10-17,1742.0
2019-10-18,1769.0
2019-10-21,1754.0
2019-10-22,1762.0
2019-10-23,1756.0
2019-10-24,1753.0
2019-10-25,1744.0
2019-10-30,1800.0
2019-10-31,1785.0
2019-11-01,1803.0
2019-11-04,1792.0
2019-11-05,1815.0
2019-11-06,1786.0
2019-11-07,1777.0
2019-11-08,1797.0
2019-11-11,1788.0
2019-11-12,1720.0
2019-11-13,1701.0
2019-11-14,1715.0
2019-11-15,1731.0
2019-11-18,1732.0
2019-11-19,1712.0
2019-11-20,1721.0
2019-11-21,1748.0
2019-11-22,1764.0
2019-11-25,1677.0
2019-11-26,1786.0
2019-11-27,1806.0
2019-11-28,1804.0
2019-11-29,1833.0
2019-12-02,1840.0
2019-12-03,1841.0
2019-12-04,1861.0
2019-12-05,1859.0
2019-12-06,1860.0
2019-12-09,1868.0
2019-12-10,1877.0
2019-12-11,1880.0
2019-12-12,1899.0
2019-12-13,1927.0
2019-12-16,1969.0
2019-12-17,1961.0
2019-12-18,1990.0
2019-12-19,1936.0
2019-12-20,1926.0
2019-12-23,1830.0
2019-12-24,1881.0
2019-12-25,1881.0
2019-12-26,1881.0
2019-12-27,1881.0
2019-12-30,1881.0
2019-12-31,1907.0
2020-01-02,1920.0
2020-01-03,1950.0
2020-01-06,1961.0
2020-01-07,2023.0
2020-01-08,2028.0
2020-01-09,2090.0
2020-01-10,2120.0
2020-01-13,2120.0
2020-01-14,2117.0
2020-01-15,2147.0
2020-01-16,2186.0
2020-01-17,2366.0
2020-01-20,2368.0
2020-01-21,2573.0
2020-01-22,2466.0
2020-01-23,2417.0
2020-01-24,2479.0
2020-01-27,2463.0
2020-01-28,2377.0
2020-01-29,2281.0
2020-01-30,2324.0
2020-01-31,2270.0
2020-02-03,2300.0
2020-02-04,2281.0
2020-02-05,2404.0
2020-02-06,2483.0
2020-02-07,2414.0
2020-02-10,2338.0
2020-02-11,2367.0
2020-02-12,2329.0
2020-02-13,2341.0
2020-02-14,2400.0
2020-02-17,2441.0
2020-02-18,2471.0
2020-02-19,2542.0
2020-02-20,2786.0
2020-02-21,2705.0
2020-02-24,2714.0
2020-02-25,2697.0
2020-02-26,2676.0
2020-02-27,2719.0
2020-02-28,2795.0
2020-03-02,2743.0
2020-03-03,2660.0
2020-03-04,2516.0
2020-03-05,2436.0
2020-03-06,2495.0
2020-03-09,2465.0
2020-03-10,2432.0
2020-03-11,2458.0
2020-03-12,2367.0
2020-03-13,2230.0
2020-03-16,1975.0
2020-03-17,1720.0
2020-03-18,1583.0
2020-03-19,1588.0
2020-03-20,1593.0
2020-03-23,1704.0
2020-03-24,1659.0
2020-03-25,1820.0
2020-03-26,2047.0
2020-03-27,2258.0
2020-03-30,2370.0
2020-03-31,2236.0
2020-04-01,2317.0
2020-04-02,2314.0
2020-04-03,2288.0
2020-04-06,2234.0
2020-04-07,2120.0
2020-04-08,2190.0
2020-04-09,2160.0
2020-04-10,2180.0
2020-04-13,2180.0
2020-04-14,2180.0
2020-04-15,2230.0
2020-04-16,2229.0
2020-04-17,2213.0
2020-04-20,2180.0
2020-04-21,2165.0
2020-04-22,2135.0
2020-04-24,1950.0
2020-04-27,2040.0
2020-04-28,1987.0
2020-04-29,1913.0
2020-04-30,1958.0
2020-05-04,1927.0
2020-05-05,1900.0
2020-05-06,1815.0
2020-05-07,1775.0
2020-05-08,1815.0
2020-05-11,1815.0
2020-05-12,1850.0
2020-05-13,1865.0
2020-05-14,1835.0
2020-05-15,1810.0
2020-05-18,1825.0
2020-05-20,1991.0
2020-05-21,2068.0
2020-05-22,2038.0
2020-05-27,1957.0
2020-05-28,1965.0
2020-05-29,1940.0
2020-06-01,1921.0
2020-06-02,1935.0
2020-06-03,1954.0
2020-06-04,1952.0
2020-06-05,1950.0
2020-06-08,1925.0
2020-06-09,1950.0
2020-06-10,1968.0
2020-06-11,1925.0
2020-06-12,1927.0
2020-06-15,1945.0
2020-06-16,1902.0
2020-06-17,1966.0
2020-06-18,1929.0
2020-06-19,1933.0
2020-06-22,1899.0
2020-06-23,1918.0
2020-06-24,1930.0
2020-06-25,1940.0
2020-06-26,1870.0
2020-06-29,1846.0
2020-06-30,1875.0
2020-07-01,1914.0
2020-07-02,1935.0
2020-07-03,1905.0
2020-07-06,1910.0
2020-07-07,1920.0
2020-07-08,1923.0
2020-07-09,1925.0
2020-07-10,1955.0
2020-07-13,1946.0
2020-07-14,1983.0
2020-07-16,1976.0
2020-07-17,1976.0
2020-07-20,1982.0
2020-07-21,2027.0
2020-07-22,2082.0
2020-07-23,2109.0
2020-07-24,2156.0
2020-07-27,2135.0
2020-07-28,2262.0
2020-07-29,2281.0
2020-08-04,2105.0
2020-08-05,2100.0
2020-08-06,2154.0
2020-08-07,2220.0
2020-08-10,2184.0
2020-08-11,2190.0
2020-08-12,2180.0
2020-08-13,2130.0
2020-08-14,2145.0
2020-08-17,2150.0
2020-08-18,2178.0
2020-08-19,2215.0
2020-08-20,2193.0
2020-08-21,2170.0
2020-08-24,2180.0
2020-08-25,2170.0
2020-08-26,2166.0
2020-08-27,2165.0
2020-08-28,2184.0
2020-08-31,2180.0
2020-09-01,2180.0
2020-09-02,2273.0
2020-09-03,2253.0
2020-09-04,2294.0
2020-09-07,2283.0
2020-09-08,2300.0
2020-09-09,2312.0
2020-09-10,2256.0
2020-09-11,2291.0
2020-09-14,2304.0
2020-09-15,2324.0
2020-09-16,2329.0
2020-09-17,2375.0
2020-09-18,2365.0
2020-09-21,2346.0
2020-09-22,2347.0
2020-09-23,2267.0
2020-09-24,2232.0
2020-09-25,2225.0
2020-09-28,2236.0
2020-09-29,2227.0
2020-09-30,2265.0
2020-10-01,2309.0
2020-10-02,2322.0
2020-10-05,2311.0
2020-10-06,2315.0
2020-10-07,2348.0
2020-10-08,2360.0
2020-10-09,2368.0
2020-10-12,2410.0
2020-10-13,2450.0
2020-10-14,2416.0
2020-10-15,2333.25
2020-10-16,2344.44
2020-10-19,2351.0
2020-10-20,2352.5
2020-10-21,2405.06
2020-10-22,2367.0
2020-10-23,2398.0
2020-10-26,2382.37
2020-10-27,2352.5
2020-10-30,2220.5
2020-11-02,2213.5
2020-11-03,2260.0
2020-11-04,2289.0
2020-11-05,2373.47
2020-11-06,2406.5
2020-11-09,2447.0
2020-11-10,2484.0
2020-11-11,2459.0
2020-11-12,2341.38
2020-11-13,2338.48
2020-11-16,2347.0
2020-11-17,2320.03
2020-11-18,2339.0
2020-11-19,2320.0
2020-11-20,2333.5
2020-11-23,2334.55
2020-11-24,2336.73
2020-11-25,2336.73
2020-11-26,2358.0
2020-11-27,2384.05
2020-11-30,2401.56
2020-12-01,2402.09
2020-12-02,2408.26
2020-12-03,2412.5
2020-12-04,2351.51
2020-12-07,2341.76
2020-12-08,2316.79
2020-12-09,2319.76
2020-12-10,2310.0
2020-12-11,2337.5
2020-12-14,2330.5
2020-12-15,2335.0
2020-12-16,2331.09
2020-12-17,2356.76
2020-12-18,2340.5
2020-12-21,2312.31
2020-12-22,2328.0
2020-12-23,2335.72
2020-12-24,2333.21
2020-12-25,2348.63
2020-12-28,2379.0
2020-12-29,2360.5
2020-12-30,2349.5
2020-12-31,2393.39
2021-01-04,2463.11
2021-01-05,2433.11
2021-01-06,2463.5
2021-01-07,2426.5
2021-01-08,2412.0
2021-01-11,2371.62
2021-01-12,2390.72
2021-01-13,2404.0
2021-01-14,2396.0
2021-01-15,2404.5
2021-01-18,2392.0
2021-01-19,2386.0
2021-01-20,2369.73
2021-01-21,2401.22
2021-01-22,2360.0
2021-01-25,2374.75
2021-01-26,2325.22
2021-01-27,2322.5
2021-01-28,2308.0
2021-01-29,2347.79
2021-02-01,2287.0
2021-02-02,2267.0
2021-02-03,2253.0
2021-02-04,2262.0
2021-02-05,2318.5
2021-02-08,2358.88
2021-02-09,2322.0
2021-02-10,2355.5
2021-02-11,2366.0
2021-02-12,2354.0
2021-02-15,2406.91
2021-02-16,2395.76
2021-02-17,2377.92
2021-02-18,2375.5
2021-02-19,2349.0
2021-02-22,2388.0
2021-02-23,2371.5
2021-02-24,2374.94
2021-02-25,2438.38
2021-02-26,2358.0
2021-03-01,2348.42
2021-03-02,2375.21
2021-03-03,2354.37
2021-03-04,2350.55
2021-03-05,2353.0
2021-03-08,2333.5
2021-03-09,2321.1
2021-03-10,2295.25
2021-03-11,2343.0
2021-03-12,2345.0
2021-03-15,2377.6
2021-03-16,2513.5
2021-03-17,2464.51
2021-03-18,2687.0
2021-03-19,2648.5
2021-03-22,2635.0
2021-03-23,2631.94
2021-03-24,2632.52
2021-03-25,2613.5
2021-03-26,2639.5
2021-03-29,2580.0
2021-03-30,2539.0
2021-03-31,2636.4
2021-04-01,2628.0
2021-04-02,2669.12
2021-04-05,2658.0
2021-04-06,2689.0
2021-04-07,2623.57
2021-04-08,2634.07
2021-04-09,2633.0
2021-04-12,2640.0
2021-04-13,2703.5
2021-04-14,2684.72
2021-04-15,2732.0
2021-04-16,2773.5
2021-04-19,2827.48
2021-04-20,2727.5
2021-04-21,2794.0
2021-04-22,2851.0
2021-04-26,2877.0
2021-04-27,2909.5
2021-04-28,2911.34
2021-04-29,2971.0
2021-04-30,2990.5
2021-05-03,2973.1
2021-05-04,3006.5
2021-05-05,2994.0
2021-05-06,2942.5
2021-05-07,2944.02
2021-05-10,2994.0
2021-05-11,2946.0
2021-05-17,2895.59
2021-05-18,2923.97
2021-05-20,2867.0
2021-05-21,2850.0
2021-05-24,2786.97
2021-05-25,2745.5
2021-05-26,2787.21
2021-05-27,2772.5
2021-05-28,2812.45
2021-05-31,2849.44
2021-06-01,2833.8
2021-06-02,2863.5
2021-06-03,2808.43
2021-06-04,2831.5
2021-06-07,2838.0
2021-06-08,2812.5
2021-06-09,2809.5
2021-06-10,2752.0
2021-06-11,2791.5
2021-06-14,2749.5
2021-06-15,2760.5
2021-06-16,2769.0
2021-06-17,2684.0
2021-06-18,2526.0
2021-06-21,2505.5
2021-06-22,2558.5
2021-06-23,2599.17
2021-06-24,2631.83
2021-06-25,2641.5
2021-06-28,2645.36
2021-06-29,2667.5
2021-06-30,2702.32
2021-07-01,2785.0
2021-07-02,2789.5
2021-07-05,2817.89
2021-07-06,2876.5
2021-07-07,2844.5
2021-07-08,2782.0
2021-07-09,2813.5
2021-07-12,2801.5
2021-07-13,2848.5
2021-07-14,2823.6
2021-07-16,2714.0
2021-07-26,2691.5
2021-07-27,2643.3
2021-07-28,2607.5
2021-07-29,2665.74
2021-07-30,2659.5
2021-08-02,2686.5
2021-08-03,2678.41
2021-08-04,2659.45
2021-08-05,2645.5
2021-08-06,2669.5
2021-08-09,2623.0
2021-08-10,2603.0
2021-08-11,2667.96
2021-08-12,2639.5
2021-08-13,2639.5
2021-08-16,2642.5
2021-08-17,2574.5
2021-08-18,2477.87
2021-08-19,2331.5
2021-08-20,2303.5
2021-08-23,2328.46
2021-08-24,2457.5
2021-08-25,2464.59
2021-08-26,2379.5
2021-08-27,2433.5
2021-08-31,2493.0
2021-09-01,2491.48
2021-09-02,2422.5
2021-09-03,2400.0
2021-09-06,2418.5
2021-09-07,2388.5
2021-09-08,2353.5
2021-09-09,2238.5
2021-09-10,2201.63
2021-09-13,2157.5
2021-09-14,1977.5
2021-09-15,2013.71
2021-09-16,2037.5
2021-09-17,2037.5
2021-09-20,1992.0
2021-09-21,1927.0
2021-09-22,1994.5
2021-09-23,1981.0
2021-09-24,1957.5
2021-09-27,1987.85
2021-09-28,1929.5
2021-09-29,1916.25
2021-09-30,1911.5
2021-10-01,1920.5
2021-10-04,1912.0
2021-10-05,1924.06
2021-10-06,1885.61
2021-10-07,1900.0
2021-10-08,2070.0
2021-10-11,2143.5
2021-10-12,2081.0
2021-10-13,2068.08
2021-10-14,2172.67
2021-10-15,2140.46
2021-10-18,2002.01
2021-10-19,2086.72
2021-10-20,2090.21
2021-10-21,2026.91
2021-10-22,2043.5
2021-10-25,2054.5
2021-10-26,2025.5
2021-10-27,1969.91
2021-11-01,2006.0
2021-11-02,2038.06
2021-11-03,2004.56
2021-11-04,2050.5
2021-11-05,2012.5
2021-11-08,2041.85
2021-11-09,2074.5
2021-11-10,2028.0
2021-11-11,2057.5
2021-11-12,2043.91
2021-11-15,2113.01
2021-11-16,2166.5
2021-11-17,2168.93
2021-11-18,2171.15
2021-11-19,2092.0
2021-11-22,2044.75
2021-11-23,1941.5
2021-11-24,1872.5
2021-11-25,1883.48
2021-11-26,1826.72
2021-11-29,1786.57
2021-11-30,1761.5
2021-12-01,1768.62
2021-12-02,1741.3
2021-12-03,1851.5
2021-12-06,1779.0
2021-12-07,1881.5
2021-12-08,1848.99
2021-12-09,1828.5
2021-12-10,1777.22
2021-12-13,1753.74
2021-12-14,1687.0
2021-12-15,1601.0
2021-12-16,1667.72
2021-12-17,1837.0
2021-12-20,1733.5
2021-12-21,1817.0
2021-12-22,1833.0
2021-12-23,1878.5
2021-12-24,1950.69
2021-12-27,1949.63
2021-12-28,1986.0
2021-12-29,1978.5
2021-12-30,1981.0
2021-12-31,1907.71
2022-01-03,1907.0
2022-01-04,1856.0
2022-01-05,1913.5
2022-01-06,1870.0
2022-01-07,1915.0
2022-01-10,1941.0
2022-01-11,1931.0
2022-01-12,1916.1
2022-01-13,1899.5
2022-01-14,1878.5
2022-01-17,1893.5
2022-01-18,1899.0
2022-01-19,1927.57
2022-01-20,2042.1
2022-01-21,2078.0
2022-01-24,2139.0
2022-01-25,2166.0
2022-01-26,2286.95
2022-01-27,2323.5
2022-01-28,2302.0
2022-01-31,2381.5
2022-02-01,2390.0
2022-02-02,2396.56
2022-02-03,2371.0
2022-02-04,2342.5
2022-02-07,2221.5
2022-02-08,2242.5
2022-02-09,2264.0
2022-02-10,2301.5
2022-02-11,2256.5
2022-02-14,2272.5
2022-02-15,2247.5
2022-02-16,2268.19
2022-02-17,2320.0
2022-02-18,2348.0
2022-02-21,2358.0
2022-02-22,2388.0
2022-02-23,2374.0
2022-02-24,2619.0
2022-02-25,2465.5
2022-02-28,2475.0
2022-03-01,2597.5
2022-03-02,2605.0
2022-03-03,2765.0
2022-03-04,2885.85
2022-03-07,3282.5
2022-03-08,3001.0
2022-03-09,3107.5
2022-03-10,2983.0
2022-03-11,2732.5
2022-03-14,2590.0
2022-03-15,2449.5
2022-03-16,2462.06
2022-03-17,2441.0
2022-03-18,2525.0
2022-03-21,2525.19
2022-03-22,2536.5
2022-03-23,2502.03
2022-03-24,2524.69
2022-03-25,2507.0
2022-03-28,2229.0
2022-03-29,2088.5
2022-03-30,2235.5
2022-03-31,2263.34
2022-04-01,2331.0
2022-04-04,2298.0
2022-04-05,2287.0
2022-04-06,2256.5
2022-04-07,2218.5
2022-04-08,2421.5
2022-04-11,2508.0
2022-04-12,2351.0
2022-04-13,2365.5
2022-04-14,2381.15
2022-04-15,2371.5
2022-04-18,2372.0
2022-04-19,2379.72
2022-04-20,2402.5
2022-04-21,2476.5
2022-04-22,2409.0
2022-04-25,2108.5
2022-04-26,2203.5
2022-04-27,2243.0
2022-04-28,2262.5
2022-04-29,2293.5
2022-05-05,2247.5
2022-05-06,2125.0
2022-05-09,2054.5
2022-05-10,2071.0
2022-05-11,2058.5
2022-05-12,1923.5
2022-05-13,1938.5
2022-05-16,1953.5
2022-05-17,2074.0
2022-05-18,2064.0
2022-05-20,2033.0
2022-05-23,2023.5
2022-05-24,2001.0
2022-05-25,2005.5
2022-05-26,1999.5
2022-05-27,2050.5
2022-05-30,2083.5
2022-05-31,2063.5
2022-06-01,2022.0
2022-06-02,2015.35
2022-06-03,2030.0
2022-06-06,2023.0
2022-06-07,2008.5
2022-06-08,1943.5
2022-06-09,1932.0
2022-06-10,1909.5
2022-06-13,1855.5
2022-06-14,1822.0
2022-06-15,1849.5
2022-06-16,1861.0
2022-06-17,1856.0
2022-06-20,1824.5
2022-06-21,1878.0
2022-06-22,1873.0
2022-06-23,1877.25
2022-06-24,1866.5
2022-06-27,1936.5
2022-06-28,1883.5
2022-06-29,1997.0
2022-06-30,1914.0
2022-07-01,1922.0
2022-07-04,1967.0
2022-07-05,1910.5
2022-07-06,1955.54
2022-07-07,1974.0
2022-07-13,1974.03
2022-07-14,1924.47
2022-07-18,1870.0
2022-07-19,1866.0
2022-07-20,1871.0
2022-07-21,1873.1
2022-07-22,1906.5
2022-07-25,2014.5
2022-07-26,1994.5
2022-07-27,2033.29
2022-07-28,2072.5
2022-07-29,2083.5
2022-08-01,2191.5
2022-08-02,2186.0
2022-08-03,2026.0
2022-08-04,2077.5
2022-08-05,2087.5
2022-08-08,2200.0
2022-08-09,2227.5
2022-08-10,2244.5
2022-08-11,2288.0
2022-08-12,2264.5
2022-08-15,2158.0
2022-08-16,2122.5
2022-08-17,2143.9
2022-08-18,2166.12
2022-08-19,2132.0
2022-08-22,2035.02
2022-08-23,1998.0
2022-08-24,1996.21
2022-08-25,2093.5
2022-08-26,2149.5
2022-08-29,2120.5
2022-08-31,2075.99
2022-09-01,2039.5
2022-09-02,2026.5
2022-09-05,2021.46
2022-09-06,2010.0
2022-09-07,2021.13
2022-09-08,2088.0
2022-09-09,2168.5
2022-09-12,2245.5
2022-09-13,2165.0
2022-09-14,2114.73
2022-09-15,2169.5
2022-09-16,2091.5
2022-09-19,2110.0
2022-09-20,2151.5
2022-09-21,2183.57
2022-09-22,2157.5
2022-09-23,2087.5
2022-09-26,2061.5
2022-09-27,2102.5
2022-09-28,2088.5
2022-09-29,2219.0
2022-09-30,2210.0
2022-10-03,2204.35
2022-10-04,2334.5
2022-10-05,2257.36
2022-10-06,2303.38
2022-10-07,2273.5
2022-10-10,2252.0
2022-10-11,2169.0
2022-10-12,2121.8
2022-10-13,2054.0
2022-10-14,2052.5
2022-10-17,2022.5
2022-10-18,2031.0
2022-10-19,1966.5
2022-10-20,2027.0
2022-10-21,1984.0
2022-10-24,2015.0
2022-10-25,1894.5
2022-10-26,1960.5
2022-10-27,1947.0
2022-10-31,1873.5
2022-11-01,1939.5
2022-11-02,1879.0
2022-11-03,1777.0
2022-11-04,1841.1
2022-11-07,1853.0
2022-11-08,1887.5
2022-11-09,1891.5
2022-11-10,1829.88
2022-11-11,1998.5
2022-11-14,2003.5
2022-11-15,2061.5
2022-11-16,2089.49
2022-11-17,2016.5
2022-11-18,1979.5
2022-11-21,1908.0
2022-11-22,1867.91
2022-11-23,1882.5
2022-11-24,1896.0
2022-11-25,1860.76
2022-11-28,1839.02
2022-11-29,1860.5
2022-11-30,1888.76
2022-12-01,1891.5
2022-12-02,1909.5
2022-12-05,1919.5
2022-12-06,1884.0
2022-12-07,1853.36
2022-12-08,1858.0
2022-12-09,1929.55
2022-12-12,1930.0
2022-12-13,1893.27
2022-12-14,1921.0
2022-12-15,1897.5
2022-12-16,1777.0
2022-12-19,1734.5
2022-12-20,1690.45
2022-12-21,1712.28
2022-12-22,1726.0
2022-12-23,1667.0
2022-12-26,1756.51
2022-12-27,1782.26
2022-12-28,1808.91
2022-12-29,1765.0
2022-12-30,1779.98
2023-01-02,1797.5
2023-01-03,1785.81
2023-01-04,1713.17
2023-01-05,1713.17
2023-01-06,1756.9
2023-01-09,1823.63
2023-01-10,1783.64
2023-01-11,1791.11
2023-01-12,1782.23
2023-01-13,1763.65
2023-01-16,1767.75
2023-01-17,1742.23
2023-01-18,1759.89
2023-01-19,1697.75
2023-01-20,1730.1
2023-01-23,1723.47
2023-01-24,1721.41
2023-01-25,1728.25
2023-01-26,1698.02
2023-01-27,1676.35
2023-01-30,1627.39
2023-01-31,1613.17
2023-02-01,1667.84
2023-02-02,1671.69
2023-02-03,1688.03
2023-02-06,1604.56
2023-02-07,1591.68
2023-02-08,1667.42
2023-02-09,1643.09
2023-02-10,1608.32
2023-02-13,1552.5
2023-02-14,1559.16
2023-02-15,1470.2
2023-02-16,1465.27
2023-02-17,1476.32
2023-02-20,1515.26
2023-02-21,1510.59
2023-02-22,1528.26
2023-02-23,1479.5
2023-02-24,1417.09
2023-02-27,1433.09
2023-02-28,1427.64
2023-03-01,1435.48
2023-03-02,1430.01
2023-03-03,1437.02
2023-03-06,1426.95
2023-03-07,1432.26
2023-03-08,1406.44
2023-03-09,1369.01
2023-03-10,1389.48
2023-03-13,1387.23
2023-03-14,1486.25
2023-03-15,1436.73
2023-03-16,1434.86
2023-03-17,1424.19
2023-03-20,1407.55
2023-03-21,1404.21
2023-03-22,1421.4
2023-03-23,1444.96
2023-03-24,1409.92
2023-03-27,1413.52
2023-03-28,1418.77
2023-03-29,1436.65
2023-03-30,1483.44
2023-03-31,1492.68
2023-04-03,1472.06
2023-04-04,1480.25
2023-04-05,1473.75
2023-04-06,1438.06
2023-04-07,1470.6
2023-04-10,1460.69
2023-04-11,1443.49
2023-04-12,1461.87
2023-04-13,1471.29
2023-04-14,1488.99
2023-04-17,1504.31
2023-04-18,1627.47
2023-04-19,1621.18
2023-04-24,1563.75
2023-04-25,1501.56
2023-04-26,1510.25
2023-04-27,1507.18
2023-04-28,1504.37
2023-05-02,1450.58
2023-05-03,1445.1
2023-05-04,1425.67
2023-05-05,1457.05
2023-05-08,1527.05
2023-05-09,1579.5
2023-05-10,1606.8
2023-05-11,1615.62
2023-05-12,1555.45
2023-05-15,1532.37
2023-05-16,1529.1
2023-05-17,1488.92
2023-05-18,1462.0
2023-05-22,1515.35
2023-05-23,1462.22
2023-05-24,1430.5
2023-05-25,1398.27
2023-05-26,1441.2
2023-05-29,1423.65
2023-05-30,1433.78
2023-05-31,1397.13
2023-06-01,1369.0
2023-06-02,1425.18
2023-06-05,1414.42
2023-06-06,1418.17
2023-06-07,1413.91
2023-06-08,1381.51
2023-06-09,1352.15
2023-06-12,1331.93
2023-06-13,1377.33
2023-06-14,1385.85
2023-06-15,1376.57
2023-06-16,1405.49
2023-06-19,1410.08
2023-06-20,1405.72
2023-06-21,1356.71
2023-06-22,1334.4
2023-06-23,1292.5
2023-06-26,1315.81
2023-07-03,1226.5
2023-07-04,1252.63
2023-07-05,1243.6
2023-07-06,1254.73
2023-07-07,1251.7
2023-07-10,1214.55
2023-07-11,1228.39
2023-07-12,1284.27
2023-07-13,1280.43
2023-07-14,1275.14
2023-07-17,1275.08
2023-07-18,1311.87
2023-07-19,1321.46
2023-07-20,1289.33
2023-07-21,1298.18
2023-07-24,1296.45
2023-07-25,1290.56
2023-07-26,1252.73
2023-07-27,1257.65
2023-07-28,1232.38
2023-07-31,1268.88
2023-08-01,1251.94
2023-08-02,1247.01
2023-08-03,1256.85
2023-08-04,1264.19
2023-08-07,1263.47
2023-08-08,1213.58
2023-08-09,1212.15
2023-08-10,1272.63
2023-08-11,1340.49
2023-08-14,1282.24
2023-08-15,1248.24
2023-08-16,1217.85
2023-08-17,1232.85
2023-08-18,1221.21
2023-08-21,1262.71
2023-08-22,1281.88
2023-08-23,1294.01
2023-08-24,1249.38
2023-08-25,1235.3
2023-08-28,1245.31
2023-08-29,1224.61
2023-08-31,1226.8
2023-09-01,1231.99
2023-09-04,1229.01
2023-09-05,1194.92
2023-09-06,1199.42
2023-09-07,1204.27
2023-09-08,1221.52
2023-09-11,1213.28
2023-09-12,1218.09
2023-09-13,1245.0
2023-09-14,1263.96
2023-09-15,1275.29
2023-09-18,1245.18
2023-09-19,1272.99
2023-09-20,1292.29
2023-09-21,1236.63
2023-09-22,1280.09
2023-09-25,1242.16
2023-09-26,1214.97
2023-09-27,1246.81
2023-09-28,1238.46
2023-09-29,1288.19
2023-10-02,1216.55
2023-10-03,1193.73
2023-10-04,1185.13
2023-10-05,1150.84
2023-10-06,1154.15
2023-10-09,1137.21
2023-10-10,1124.71
2023-10-11,1166.27
2023-10-12,1159.87
2023-10-13,1151.4
2023-10-16,1141.62
2023-10-17,1139.85
2023-10-18,1131.72
2023-10-19,1102.81
2023-10-20,1103.7
2023-10-23,1116.65
2023-10-24,1120.25
2023-10-25,1134.2
2023-10-26,1120.65
2023-10-27,1143.37
2023-10-30,1150.44
2023-10-31,1138.71
2023-11-01,1122.35
2023-11-02,1113.69
2023-11-03,1131.85
2023-11-06,1129.27
2023-11-07,1096.88
2023-11-08,1021.42
2023-11-09,1048.75
2023-11-10,962.38
2023-11-13,978.65
2023-11-14,974.34
2023-11-15,1036.19
2023-11-16,1031.38
2023-11-17,1061.59
2023-11-20,1057.09
2023-11-21,1082.19
2023-11-22,1076.12
2023-11-23,1056.58
2023-11-24,1051.56
2023-11-27,1084.11
2023-11-28,1070.75
2023-11-29,1047.88
2023-11-30,1023.22
2023-12-01,996.84
2023-12-04,987.06
2023-12-05,966.89
2023-12-06,953.34
2023-12-07,966.46
2023-12-08,972.46
2023-12-11,952.81
2023-12-12,980.86
2023-12-13,965.21
2023-12-14,1015.67
2023-12-15,1128.07
2023-12-18,1184.3
2023-12-19,1170.56
2023-12-20,1201.15
2023-12-21,1212.28
2023-12-22,1225.31
2023-12-25,1206.17
2023-12-26,1201.28
2023-12-27,1190.36
2023-12-28,1144.65
2023-12-29,1120.21
2024-01-02,1091.87
2024-01-03,1065.77
2024-01-04,1068.77
2024-01-05,1030.77
2024-01-08,1017.61
2024-01-09,987.67
2024-01-10,993.23
2024-01-11,1016.82
2024-01-12,985.82
2024-01-15,982.35
2024-01-16,962.93
2024-01-17,936.1
2024-01-18,936.35
2024-01-19,942.74
2024-01-22,924.6
2024-01-23,931.07
2024-01-24,967.45
2024-01-25,967.33
2024-01-26,940.27
2024-01-29,956.1
2024-01-30,981.52
2024-01-31,980.45
2024-02-01,969.67
2024-02-02,976.57
2024-02-05,933.68
2024-02-06,941.17
2024-02-07,939.32
2024-02-08,878.6
2024-02-09,897.56
2024-02-12,881.79
2024-02-13,909.95
2024-02-14,875.74
2024-02-15,968.65
2024-02-16,949.36
2024-02-19,953.76
2024-02-20,969.85
2024-02-21,972.05
2024-02-22,962.87
2024-02-23,967.23
2024-02-26,966.89
2024-02-27,967.25
2024-02-28,923.03
2024-02-29,936.01
2024-03-01,954.59
2024-03-04,962.96
2024-03-05,944.5
2024-03-06,962.99
2024-03-07,1040.92
2024-03-08,1040.83
2024-03-11,1034.89
2024-03-12,1022.16
2024-03-13,1062.25
2024-03-14,1075.63
2024-03-15,1097.5
2024-03-18,1058.75
2024-03-19,1006.02
2024-03-20,983.96
2024-03-21,1027.77
2024-03-22,1001.3
2024-03-25,1022.66
2024-03-26,1009.3
2024-03-27,975.0
2024-03-28,1005.49
2024-03-29,1018.39
2024-04-01,1011.99
2024-04-02,1019.78
2024-04-03,1007.13
2024-04-04,1016.45
2024-04-05,1004.59
2024-04-08,1024.59
2024-04-15,1038.1
2024-04-16,1004.85
2024-04-17,1020.39
2024-04-18,1038.23
2024-04-19,1006.25
2024-04-22,1018.13
2024-04-24,1015.97
2024-04-25,992.75
2024-04-26,982.5
2024-04-29,960.44
2024-04-30,947.87
2024-05-02,946.1
2024-05-03,949.4
2024-05-06,968.07
2024-05-07,975.4
2024-05-08,952.82
2024-05-09,955.85
2024-05-10,992.25
2024-05-13,981.26
2024-05-14,976.4
2024-05-15,1006.6
2024-05-16,1018.05
2024-05-17,985.0
2024-05-20,1005.4
2024-05-21,1031.25
2024-05-22,1005.65
2024-05-23,991.65
2024-05-24,963.75
2024-05-27,992.75
2024-05-28,974.25
2024-05-29,962.35
2024-05-30,947.9
2024-05-31,951.1
2024-06-03,917.2
2024-06-04,918.6
2024-06-05,925.35
2024-06-06,933.65
2024-06-07,918.95
2024-06-10,916.95
2024-06-11,892.1
2024-06-12,911.25
2024-06-13,907.7
2024-06-14,897.25
2024-06-20,908.5
2024-06-21,977.75
2024-06-24,996.0
2024-06-25,975.0
2024-06-26,952.0
2024-06-27,936.62
2024-06-28,966.9
2024-07-01,991.64
2024-07-02,1001.8
2024-07-03,1040.55
2024-07-04,1029.5
2024-07-05,1032.63
2024-07-08,1017.7
2024-07-09,1009.0
2024-07-10,997.0
2024-07-11,1013.55
2024-07-12,968.01
2024-07-16,937.0
2024-07-17,972.42
2024-07-18,948.27
2024-07-19,924.5
2024-07-22,899.14
2024-07-23,916.52
2024-07-24,941.08
2024-07-25,905.25
2024-07-26,904.71
2024-07-29,909.25
2024-07-30,899.35
2024-07-31,924.25
2024-08-01,928.35
2024-08-02,906.5
2024-08-05,836.75
2024-08-06,853.62
2024-08-07,900.57
2024-08-08,901.25
2024-08-09,926.3
2024-08-12,930.0
2024-08-13,931.3
2024-08-14,947.9
2024-08-15,934.8
2024-08-16,938.5
2024-08-19,931.1
2024-08-20,948.75
2024-08-21,962.85
2024-08-22,945.45
2024-08-23,938.5
2024-08-26,969.5
2024-08-27,970.0
2024-08-28,956.75
2024-08-29,954.0
2024-09-02,972.62
2024-09-03,964.05
2024-09-04,942.75
2024-09-05,943.5
2024-09-06,954.5
2024-09-09,946.05
2024-09-10,964.85
2024-09-11,971.95
2024-09-12,1037.0
2024-09-13,1055.28
2024-09-16,1070.19
2024-09-17,1084.43
2024-09-18,1103.4
2024-09-19,1096.25
2024-09-20,1078.5
2024-09-23,1053.3
2024-09-24,1052.0
2024-09-25,1058.65
2024-09-26,1063.75
2024-09-27,1034.0
2024-09-30,998.9
2024-10-01,1002.92
2024-10-02,1023.55
2024-10-03,994.4
2024-10-04,1007.45
2024-10-07,1010.5
2024-10-08,1016.45
2024-10-09,1026.4
2024-10-10,1052.5
2024-10-11,1072.5
2024-10-14,1044.1
2024-10-15,1015.5
2024-10-16,1015.68
2024-10-17,1040.0
2024-10-18,1073.05
2024-10-21,1083.5
2024-10-22,1080.5
2024-10-23,1070.75
2024-10-24,1130.25
2024-10-25,1176.75
2024-10-30,1161.25
2024-10-31,1151.5
2024-11-01,1139.45
2024-11-04,1102.9
2024-11-05,1081.75
2024-11-06,1038.5
2024-11-07,1035.87
2024-11-08,1003.15
2024-11-11,990.39
2024-11-12,967.55
2024-11-13,950.15
2024-11-14,931.5
2024-11-15,959.9
2024-11-18,975.42
2024-11-19,1012.91
2024-11-20,1036.5
2024-11-21,1027.45
2024-11-22,1024.55
2024-11-25,999.78
2024-11-26,990.94
2024-11-27,987.37
2024-11-28,984.52
2024-11-29,985.5
2024-12-02,980.82
2024-12-03,991.67
2024-12-04,965.71
2024-12-05,976.35
2024-12-06,977.39
2024-12-09,984.22
2024-12-10,972.89
2024-12-11,962.81
2024-12-12,980.24
2024-12-13,978.42
2024-12-16,960.06
2024-12-17,941.38
2024-12-18,931.2
2024-12-19,918.12
2024-12-20,911.91
2024-12-23,921.44
2024-12-24,942.45
2024-12-25,958.52
2024-12-26,941.82
2024-12-27,925.58
2024-12-30,918.95
2024-12-31,901.77
2025-01-02,919.31
2025-01-03,928.43
2025-01-06,951.25
2025-01-07,934.6
2025-01-08,930.59
2025-01-09,929.0
2025-01-10,951.38
2025-01-13,939.0
2025-01-14,946.72
2025-01-15,958.27
2025-01-16,957.0
2025-01-17,943.85
2025-01-20,948.31
2025-01-21,943.78
2025-01-22,966.4
2025-01-23,988.09
2025-01-24,1006.37
2025-01-27,975.15
2025-01-28,963.16
2025-01-29,957.79
2025-01-30,988.0
2025-01-31,993.67
2025-02-03,1025.12
2025-02-04,996.28
2025-02-05,1001.25
2025-02-06,990.0
2025-02-07,972.27
2025-02-10,977.71
2025-02-11,970.25
2025-02-12,971.1
2025-02-13,983.37
2025-02-14,1002.2
2025-02-17,987.9
2025-02-18,979.27
2025-02-19,986.09
2025-02-20,984.5
2025-02-21,977.5
2025-02-24,962.48
2025-02-25,937.48
2025-02-26,941.55
2025-02-27,929.16
2025-02-28,917.49
2025-03-03,937.0
2025-03-04,946.08
2025-03-05,947.3
2025-03-06,943.85
2025-03-07,945.6
2025-03-10,957.25
2025-03-11,950.35
2025-03-12,951.25
2025-03-13,944.75
2025-03-14,972.6
2025-03-17,965.05
2025-03-18,977.1
2025-03-19,958.7
2025-03-20,951.1
2025-03-21,947.35
2025-03-24,957.5
2025-03-25,960.75
2025-03-26,965.26
2025-03-27,974.5
2025-03-28,989.56
2025-04-02,987.57
2025-04-03,948.3
2025-04-04,925.6
2025-04-07,915.8
2025-04-08,917.84
2025-04-09,900.54
2025-04-10,925.11
2025-04-11,925.0
2025-04-14,941.84
2025-04-15,966.0
2025-04-16,977.83
2025-04-17,951.74
2025-04-18,965.04
2025-04-21,950.45
2025-04-22,941.08
2025-04-24,945.16
2025-04-25,939.01
2025-04-28,953.64
2025-04-29,948.55
2025-04-30,931.25
2025-05-02,953.25
2025-05-05,958.29
2025-05-06,955.9
2025-05-07,985.39
2025-05-08,975.15
2025-05-09,978.32
2025-05-12,975.0
2025-05-13,943.75
2025-05-14,960.0
2025-05-15,969.5
2025-05-16,965.34
2025-05-20,996.61
2025-05-21,1018.5
2025-05-22,1020.25
2025-05-23,1012.5
2025-05-26,990.1
2025-05-27,986.45
2025-05-28,975.75
2025-05-29,975.06
2025-05-30,968.47
2025-06-02,989.31
2025-06-03,1004.34
2025-06-04,1003.89
2025-06-10,1064.5
2025-06-11,1080.8
2025-06-12,1058.9
2025-06-13,1057.07
2025-06-16,1052.35
2025-06-17,1041.67
2025-06-18,1054.94
2025-06-19,1037.8
2025-06-20,1048.63
2025-06-23,1069.45
2025-06-24,1064.25
2025-06-25,1045.57
2025-06-26,1095.75
2025-06-27,1123.75
2025-06-30,1144.31
2025-07-01,1129.25
2025-07-02,1123.15
2025-07-03,1120.4
2025-07-04,1130.9
2025-07-07,1109.23
2025-07-08,1127.47
2025-07-09,1098.77
2025-07-10,1150.48
2025-07-11,1184.65
2025-07-14,1210.7
2025-07-16,1217.95
2025-07-17,1244.47
2025-07-18,1329.16
2025-07-21,1274.0
2025-07-22,1266.69
2025-07-23,1267.06
2025-07-24,1255.24
2025-07-25,1218.23
2025-07-28,1238.0
2025-07-29,1246.71
2025-07-30,1262.23
2025-07-31,1209.04
2025-08-01,1207.32
2025-08-04,1187.83
2025-08-05,1181.66
2025-08-06,1153.8
2025-08-07,1157.39
2025-08-08,1121.76
2025-08-11,1131.34
2025-08-12,1141.2
2025-08-13,1124.49
2025-08-14,1125.0
2025-08-15,1128.65
2025-08-18,1122.65
2025-08-19,1130.45
2025-08-20,1117.6
2025-08-21,1107.96
2025-08-22,1119.1
2025-08-25,1114.05
2025-08-26,1090.19
2025-08-27,1092.92
2025-08-28,1101.85
2025-08-29,1097.8
2025-09-01,1126.86
2025-09-02,1115.88
2025-09-03,1156.75
2025-09-04,1135.01
2025-09-05,1128.51
2025-09-08,1137.98
2025-09-09,1130.17
2025-09-10,1175.5
2025-09-11,1183.35
2025-09-12,1222.69
2025-09-15,1196.32
2025-09-16,1208.35
2025-09-17,1160.01
2025-09-18,1163.91
2025-09-19,1146.01
2025-09-22,1175.87
2025-09-23,1217.5
2025-09-24,1227.74
2025-09-25,1235.93
2025-09-26,1264.95
2025-09-29,1268.33
2025-09-30,1240.07
2025-10-01,1258.17
2025-10-02,1260.6
2025-10-03,1268.85
2025-10-06,1276.67
2025-10-07,1338.35
2025-10-08,1396.86
2025-10-09,1492.35
2025-10-10,1465.53
2025-10-13,1455.11
2025-10-14,1470.28
2025-10-15,1560.27
2025-10-16,1564.68
2025-10-17,1552.9
2025-10-20,1479.0
2025-10-21,1423.8
2025-10-22,1416.62
2025-10-23,1456.25
2025-10-24,1437.28
2025-10-27,1426.21
2025-10-30,1453.03
2025-10-31,1470.46
2025-11-03,1448.78
2025-11-04,1414.34
2025-11-05,1396.33
2025-11-06,1408.93
2025-11-07,1384.75
2025-11-10,1418.56
2025-11-11,1446.06
2025-11-12,1435.03
2025-11-13,1485.27
2025-11-14,1405.58
2025-11-17,1397.44
2025-11-18,1402.73
2025-11-19,1430.93
2025-11-20,1407.04
2025-11-21,1366.8
2025-11-24,1390.11
2025-11-25,1387.0
2025-11-26,1411.41
2025-11-27,1426.92
2025-11-28,1493.87
2025-12-01,1467.43
2025-12-02,1441.22
2025-12-03,1452.71
2025-12-04,1456.91
2025-12-05,1457.39
2025-12-08,1470.83
2025-12-09,1474.33
2025-12-10,1489.0
2025-12-11,1470.57
2025-12-12,1526.32
2025-12-15,1532.59
2025-12-16,1566.29
2025-12-17,1632.83
2025-12-18,1688.6
2025-12-19,1676.25
2025-12-22,1764.86
2025-12-23,1794.79
2025-12-24,1832.21
2025-12-25,1720.48
2025-12-26,1829.72
2025-12-29,1719.51
2025-12-30,1655.99
2025-12-31,1593.15
2026-01-02,1655.43
2026-01-05,1693.96
2026-01-06,1744.33
2026-01-07,1751.18
2026-01-08,1724.16
2026-01-09,1837.53
2026-01-12,1870.53
2026-01-13,1836.48
2026-01-14,1859.83
2026-01-15,1816.45
2026-01-16,1754.08
2026-01-19,1819.23
2026-01-20,1863.51
2026-01-21,1853.15
2026-01-22,1860.63
2026-01-23,1969.94
2026-01-26,2130.63
2026-01-27,2031.24
2026-01-28,1949.25
2026-01-29,2072.37
2026-01-30,1841.46
2026-02-02,1724.02
2026-02-03,1812.1
2026-02-04,1828.56
2026-02-05,1677.04
2026-02-06,1675.62
2026-02-09,1683.45
2026-02-10,1725.0
2026-02-11,1751.24
2026-02-12,1714.51
2026-02-13,1651.11
2026-02-16,1693.37
2026-02-17,1680.3
2026-02-18,1722.34
2026-02-19,1690.51
2026-02-20,1718.45
2026-02-23,1780.25
2026-02-24,1748.74
2026-02-25,1823.15
2026-02-26,1782.85
2026-02-27,1808.64
2026-03-02,1803.72
2026-03-03,1683.79
2026-03-04,1690.14
2026-03-05,1658.71
2026-03-06,1638.4
2026-03-09,1644.55
2026-03-10,1700.68
2026-03-11,1633.26
2026-03-12,1666.5
2026-03-13,1617.81
2026-03-16,1553.29
2026-03-17,1621.4
2026-03-18,1554.29
2026-03-23,1470.79
2026-03-24,1390.69
2026-03-25,1437.56
2026-03-26,1352.64
2026-03-27,1381.88
2026-03-30,1437.32
2026-03-31,1449.99
2026-04-01,1483.95
2026-04-02,1464.67
2026-04-03,1508.19
2026-04-06,1506.72
2026-04-07,1473.15
2026-04-08,1600.21
2026-04-09,1560.41
2026-04-10,1531.18
2026-04-13,1538.03
2026-04-14,1567.05
2026-04-15,1593.87
2026-04-16,1584.7
2026-04-17,1577.35
2026-04-20,1543.46
2026-04-21,1567.17
2026-04-22,1567.94
2026-04-24,1483.48
2026-04-27,1481.78
2026-04-28,1461.0
2026-04-29,1448.68
2026-04-30,1485.91
2026-05-04,1485.95
2026-05-05,1516.92
2026-05-06,1543.85
2026-05-07,1540.37
2026-05-08,1498.53
2026-05-11,1497.28
2026-05-12,1498.75
2026-05-13,1488.61
2026-05-14,1461.26
2026-05-15,1418.77
2026-05-18,1423.14
2026-05-20,1363.26
2026-05-21,1358.44
2026-05-22,1365.38
2026-05-25,1393.05
2026-06-01,1362.48
2026-06-02,1391.72
2026-06-03,1343.99
2026-06-04,1327.29
2026-06-05,1330.4
2026-06-08,1224.54
2026-06-09,1256.6
2026-06-10,1234.88
2026-06-11,1240.48
2026-06-12,1286.39
2026-06-15,1351.12
2026-06-16,1365.45
2026-06-17,1357.45
2026-06-18,1298.84
2026-06-19,1256.93
2026-06-22,1257.89
2026-06-23,1237.6
2026-06-24,1191.8
2026-06-25,1189.25
2026-06-26,1207.33
2026-06-29,1212.65
2026-06-30,1225.4
2026-07-01,1196.48
2026-07-02,1273.5
2026-07-03,1281.0
2026-07-06,1266.11
2026-07-07,1285.21
2026-07-08,1223.36
2026-07-09,1257.82
2026-07-10,1268.56
2026-07-13,1262.34
2026-07-14,1279.44
2026-07-16,1268.05
2026-07-17,1241.33
2026-07-20,1260.24
2026-07-21,1271.95
2026-07-22,1321.13
2026-07-23,1267.5
2026-07-24,1259.27
2026-07-27,1281.24
2026-07-28,1266.7
2026-07-29,1247.51
2026-07-30,1280.67
2026-07-31,1290.68
2026-08-03,1260.48
2026-08-04,1335.24
2026-08-05,1362.19
2026-08-06,1379.66
2026-08-07,1384.28
2026-08-10,1367.26
2026-08-11,1370.7
2026-08-12,1395.68
2026-08-13,1333.12
2026-08-14,1314.09
2026-08-17,1328.77
2026-08-18,1320.06
2026-08-19,1308.76
2026-08-20,1325.6
2026-08-21,1353.84
2026-08-24,1354.86
2026-08-25,1326.55
2026-08-26,1336.15
2026-08-27,1317.97
2026-08-28,1421.45
2026-08-31,1386.15
2026-09-01,1332.23
2026-09-02,1324.93
