date,usa_sp500,usa_dow_jones,usa_nasdaq_composite,china_csi300,chile_ipsa,peru_bvl_general,germany_dax,japan_nikkei225,india_nifty50,south_korea_kospi,indonesia_jakarta_composite,turkey_bist100,uk_ftse100,hong_kong_hang_seng,australia_asx200,canada_tsx_composite,poland_wig20
2015-01-01,2028.1785095214843,17542.2548828125,4673.701489257813,3543.286,3798.637619047619,13669.78,10138.389601934523,17274.39967105263,8529.45751953125,1920.9928501674108,5220.721400669643,885.4350004650298,6615.071405319941,24203.401506696428,5422.65,14460.890625,2308.736
2015-02-01,2082.1957943564967,17945.412006578947,4854.255833675987,3440.7933333333335,3960.0730000000003,13397.42,10977.139599609374,18053.204461348683,8742.465666118422,1961.0011704388787,5360.560598273027,857.2532012939453,6878.540063476563,24670.384331597223,5840.62001953125,15155.010536595395,2348.4995
2015-03-01,2079.9904396750712,17931.745028409092,4938.01045365767,3745.277272727273,3892.593636363636,12461.81,11784.850452769886,19197.567737926136,8664.062034970239,2012.6190962357955,5443.517356178977,808.9411371404475,6884.504572088068,24306.7587890625,5888.3818359375,14921.581898082386,2358.1254545454544
2015-04-01,2094.862839471726,17970.513206845237,4985.951427641369,4491.864761904762,4029.9538095238095,13366.86,11956.288037109374,19767.923363095237,8511.441623263889,2107.2681607333097,5398.452427455357,833.0248064313616,7012.394970703125,27451.533717105263,5903.409985351563,15299.271298363095,2477.827
2015-05-01,2111.9435180664063,18124.7130859375,5029.431469726563,4772.466,4079.4794736842105,13180.61,11599.093698601973,19974.187391493055,8300.805029296875,2114.8988986545137,5232.375770970395,850.3814279656661,6981.6841848273025,27656.15943667763,5705.261951264881,15127.229931640624,2507.134
2015-06-01,2099.2836581143465,17927.21892755682,5073.041836825284,4989.597142857143,3935.5799999999995,13113.17,11236.29580965909,20403.840287642044,8195.606800426136,2063.6859075372868,4967.9579845610115,814.755595814098,6783.177268288352,27009.028586647728,5563.952334449405,14835.913618607954,2353.7228571428573
2015-07-01,2094.1436268199573,17795.0166015625,5082.809969815341,4016.6726086956523,3847.2559090909094,11987.88,11288.050441576086,20372.583984375,8479.51515794837,2058.0343495244565,4856.701043379934,808.6093195134944,6646.617378566576,25032.191139914772,5587.013077445652,14436.422718394886,2240.2069565217394
2015-08-01,2039.8662051246279,17061.593238467263,4934.622860863095,3718.965714285714,3793.167619047619,10340.55,10817.977632068452,19919.090401785714,8309.923804873511,1952.549005126953,4540.91640625,762.5442388625372,6455.955004882812,23223.220052083332,5372.119047619048,14010.420068359375,2177.107619047619
2015-09-01,1944.4023844401042,16339.949869791666,4748.004324776785,3284.9584999999997,3753.3776190476187,10030.57,9953.261896306818,17944.223170230263,7814.889990234375,1939.582501220703,4326.606166294643,734.6215057373047,6087.336381392045,21365.1294921875,5075.700017755682,13477.614350818452,2135.9145454545455
2015-10-01,2024.8127163973722,17182.28204900568,4879.03682084517,3494.804705882353,3814.769523809524,10545.69,10222.30948153409,18374.10574776786,8172.32255859375,2020.5671561104912,4517.297084263393,786.0456165132068,6340.81815962358,22649.309375,5236.636363636364,13751.94298735119,2103.9936363636366
2015-11-01,2080.61650390625,17724.513671875,5082.508032226562,3717.964285714286,3794.4866666666667,10226.89,10986.275809151786,19581.77066200658,7891.116672092014,2006.7809419177827,4518.5229724702385,803.1768566313244,6306.909528459822,22509.50427827381,5171.604794456845,13424.185732886905,2001.0134999999998
2015-12-01,2054.0795621004972,17542.854936079544,5040.5400390625,3730.2413043478264,3612.0425000000005,9848.59,10673.0138671875,19202.57691592262,7802.638649680398,1971.528576078869,4501.933156866777,734.5194755222486,6162.319056919643,21910.18048650568,5135.676223028274,13115.161830357143,1841.7125
2016-01-01,1918.5978875411183,16305.252107319078,4610.7142526726975,3178.5295,3547.4534999999996,9391.84,9827.091943359375,17302.297388980263,7513.394659745066,1894.6510009765625,4520.57744140625,711.8260955810547,5922.669970703125,19733.57861328125,4976.0,12361.010009765625,1735.2857894736842
2016-02-01,1904.4184936523438,16299.8984375,4463.206030273437,2998.3725,3689.2533333333336,10742.19,9291.378627232143,16346.96103515625,7199.86669921875,1900.6099989149307,4708.73583984375,731.6544770740327,5881.747628348215,19134.44943576389,4910.390485491072,12632.435107421876,1799.7595238095237
2016-03-01,2021.9540904651988,17302.14275568182,4754.479114879261,3122.058260869565,3870.332727272727,12057.93,9859.880440848214,16897.340465198864,7550.094995117188,1976.50273548473,4836.206263950893,799.7546943996264,6157.533342633928,20299.827194940477,5107.790480840774,13382.099920099432,1915.2476190476189
2016-04-01,2075.5352318173364,17844.365885416668,4892.168108258928,3210.231,3955.8938095238095,13702.47,10023.21665736607,16543.467431640624,7786.516655815973,1996.1704956054687,4852.813918340774,845.6318068731399,6271.895205543155,20986.44912109375,5097.075024414063,13650.362025669643,1932.932857142857
2016-05-01,2065.5504789806546,17692.32003348214,4788.235235305059,3100.617619047619,3977.262272727273,13535.97,10010.547665550595,16612.673159950657,7871.856778231534,1966.675518798828,4769.570043945312,785.4501429966518,6164.894946289062,20173.978422619046,5341.649968927557,13851.876162574405,1835.777
2016-06-01,2083.891368519176,17754.867808948864,4856.232688210227,3130.5105,3970.9452380952384,13856.9,9859.148659446022,16068.810813210228,8191.19775390625,1977.0295119512648,4870.630149147727,768.8906804865056,6175.304554332386,20646.39722842262,5246.109514508928,14042.44091796875,1782.8395454545455
2016-07-01,2148.9019775390625,18341.182421875,5023.98896484375,3231.7647619047616,4082.4985714285713,15210.97,9960.520972842261,16168.31962890625,8505.612548828125,2002.4828462146577,5166.245422363281,770.2406107584635,6655.876162574405,21497.7853515625,5403.3857421875,14446.064990234376,1761.1819047619047
2016-08-01,2177.482167119565,18495.1875,5217.038319463315,3290.1821739130437,4139.674090909091,15130.24,10530.252590013586,16586.070401278408,8638.911876860118,2036.656366521662,5401.395463423295,772.1019120649858,6821.69999556108,22663.944868607956,5519.552161175272,14680.818181818182,1811.685909090909
2016-09-01,2157.690964471726,18267.402994791668,5254.154296875,3279.0809999999997,4083.6471428571426,15296.98,10504.490900213068,16737.04140625,8783.32509765625,2042.555265727796,5336.977980840774,774.8143920898438,6813.754505504261,23543.013857886905,5357.872713955966,14633.966703869048,1754.1645454545455
2016-10-01,2143.0209379650296,18184.546409970237,5255.989560081845,3323.916875,4179.046315789474,15171.04,10624.158544921875,17044.5103515625,8669.027777777777,2036.0325134277343,5405.800525483631,782.2706676664807,7011.209519159226,23406.068462171053,5422.880905877976,14718.17490234375,1759.1909523809525
2016-11-01,2164.9856887090773,18697.326636904763,5260.565243675595,3430.695909090909,4209.846190476191,15414.97,10595.529962713068,17689.540087890626,8250.749976748511,1981.7463656338778,5245.672940340909,753.9028209339489,6803.33183149858,22618.890891335228,5345.109064275568,14821.927379261364,1772.2475
2016-12-01,2246.6290457589284,19712.423735119046,5413.116652715774,3386.8245454545454,4174.763333333333,15566.96,11214.89760044643,19066.027436755954,8114.027254971591,2021.6666550409227,5217.684643554688,764.6489091352983,6961.0350341796875,22229.6345703125,5560.39501953125,15254.49501953125,1904.7995238095239
2017-01-01,2275.1159790039064,19908.1525390625,5561.423486328125,3348.9972222222223,4225.779047619048,15983.95,11620.112171519886,19194.056126644737,8386.204659598214,2061.733514404297,5294.857421875,809.8507218794389,7211.357119605655,22814.50308388158,5710.434985351562,15486.576125372023,2022.4509523809525
2017-02-01,2329.9105417351975,20424.14412006579,5764.702097039473,3430.1544444444444,4317.826999999999,15766.12,11745.425,19188.73291015625,8813.339483963815,2082.7949951171877,5370.014879728618,881.1517059326172,7240.429956054688,23725.27470703125,5724.63505859375,15639.705283717105,2163.5325000000003
2017-03-01,2366.822170091712,20823.057999320652,5864.96433423913,3454.5473913043475,4612.575217391304,15757.01,12047.632175611414,19340.177379261364,9047.056773792614,2136.174549449574,5478.665261008523,898.4982618248981,7359.534774116848,24029.634595788044,5772.747855808424,15515.278192934782,2230.8282608695654
2017-04-01,2359.309454666941,20684.693667763157,5912.169484991777,3477.1755555555555,4846.430555555556,15559.3,12232.555555555555,18736.39052734375,9214.572265625,2160.182507324219,5649.74617991728,912.8601501464843,7263.605604383681,24262.704963235294,5878.588235294118,15642.257863898027,2276.932222222222
2017-05-01,2395.345880681818,20936.811257102272,6124.878173828125,3408.803,4848.286363636364,16000.08,12661.0458984375,19726.7564453125,9436.98641690341,2301.890008223684,5692.100830078125,958.8383876255581,7422.652390252976,25189.4240234375,5815.017365828804,15486.840997869318,2345.615238095238
2017-06-01,2433.98545143821,21317.795365767044,6224.285888671875,3571.925,4827.261428571429,16132.87,12710.548642113095,20045.627574573864,9606.954799107143,2372.2042875744046,5744.550130208333,990.7763031005859,7463.97265625,25828.223277698864,5737.804803757441,15308.82266512784,2311.762380952381
2017-07-01,2454.102502441406,21581.2509765625,6294.6740234375,3690.343333333333,4969.148571428571,16750.17,12397.47084263393,20044.862109375,9850.118954613095,2412.8990652901784,5821.848446800595,1046.749000186012,7395.847586495535,26326.01878720238,5732.476143973215,15153.55,2337.8042857142855
2017-08-01,2456.2230702275815,21914.076936141304,6311.397397248641,3747.0208695652173,5114.356818181818,17616.44,12153.80519701087,19670.16912286932,9901.183407738095,2372.1845370205965,5844.486328125,1083.8433227539062,7409.186368075284,27532.433682528408,5738.017429517663,15108.950017755682,2413.5468181818183
2017-09-01,2492.8410400390626,22173.41396484375,6428.0789794921875,3834.191904761905,5204.24,18087.42,12479.53380766369,19924.39853515625,9977.916666666666,2371.00048828125,5865.2312654194075,1061.729158100329,7334.6523670014885,27790.841889880954,5698.6150390625,15284.460009765626,2487.7114285714288
2017-10-01,2556.9972700639205,23036.237393465908,6603.011341441761,3943.3311764705886,5489.8935,19874.12,13012.0775390625,21267.490420386905,10138.677490234375,2482.8712463378906,5941.404030539773,1061.604863947088,7508.177268288352,28394.398046875,5821.74092240767,15825.97619047619,2491.010909090909
2017-11-01,2593.605736142113,23557.92940848214,6796.045224144345,4081.1672727272726,5264.5142857142855,19722.18,13159.374556107954,22525.14853515625,10324.754527698864,2533.5099875710225,6038.162131569602,1078.47431529652,7441.236394708807,29213.66716974432,5977.649946732955,16032.327192826704,2473.6804761904764
2017-12-01,2664.34052734375,24545.3841796875,6889.740454101562,4023.7966666666666,5269.183684210527,19974.38,13079.901572779605,22769.89090401786,10322.262548828125,2467.467787000868,6112.27197265625,1093.6417358398437,7481.752646998355,29109.614309210527,6023.4947317023025,16092.826223273027,2430.1573684210525
2018-01-01,2789.8038155691966,25804.017764136905,7279.498046875,4246.925454545454,5733.896818181818,21068.89,13270.667302911932,23712.210012335527,10787.135788690477,2520.9377219460225,6465.086869673295,1167.9209594726562,7695.636341441761,31831.893199573864,6060.147600446428,16272.463734019886,2566.247619047619
2018-02-01,2705.1552477384867,24981.545230263157,7161.7726408305925,4064.061333333333,5666.536,20831.78,12459.3640625,21991.681949013157,10533.105263157895,2439.104451497396,6585.651649876645,1162.4865417480469,7255.909985351563,30969.2744140625,5944.965014648437,15430.631630345395,2427.7625
2018-03-01,2702.7738211495534,24582.170386904763,7311.506696428572,4017.495,5552.724761904762,20558.84,12165.93908110119,21395.507626488095,10232.618472450658,2451.570021856399,6355.085332961309,1166.785272771662,7090.085704985119,30898.113746279763,5913.533296130952,15490.395182291666,2300.162857142857
2018-04-01,2653.6252092633927,24304.212890625,7084.142345610119,3829.991111111111,5633.100476190476,21428.86,12411.59755859375,21868.7876953125,10472.933268229166,2458.2247605096727,6215.511602492559,1108.308349609375,7288.219970703125,30376.019428453947,5851.5,15380.423828125,2279.192
2018-05-01,2701.4936190518465,24572.5322265625,7339.327281605114,3848.3522727272725,5630.447619047619,20814.29,12911.162295386905,22590.054501488095,10664.447709517046,2461.300500488281,5883.804272460938,1024.9097650701349,7690.228608630952,30698.67810639881,6065.68259595788,15964.39990234375,2248.429
2018-06-01,2754.3528878348216,24790.108351934523,7645.138532366072,3686.8165,5433.80380952381,19800.26,12667.554268973214,22562.875093005954,10742.973818824405,2394.5078895970396,5903.128493088942,958.737548828125,7656.933244977678,30070.3201171875,6108.84501953125,16253.252371651786,2191.7861904761908
2018-07-01,2793.643357049851,24978.231305803572,7756.863862537202,3465.7263636363637,5353.082,20485.72,12581.671830610796,22322.163174715908,10991.15682705966,2284.253651012074,5866.612127130682,946.2768637917259,7651.077215021307,28466.138485863095,6247.213645241477,16432.56189546131,2194.254090909091
2018-08-01,2857.8204292629075,25629.98828125,7892.233462126359,3342.6313043478262,5292.854090909091,19443.11,12458.920813519022,22494.141474184784,11498.440476190477,2283.7968195134945,5984.440173921131,933.5462816026476,7605.609108664773,27925.753566576088,6289.36521314538,16332.427201704546,2302.7254545454543
2018-09-01,2901.5005139802633,26232.66796875,7983.307411595395,3305.593684210526,5289.404444444444,19564.07,12185.244970703125,23159.290907118055,11297.058322482639,2307.325870289522,5870.367213199013,954.8095489501953,7385.915014648437,27275.605674342107,6189.219995117188,16125.610402960527,2270.5125
2018-10-01,2785.4647800611415,25609.34188179348,7527.083899456522,3168.4366666666665,5185.599999999999,18909.4,11659.083629261364,22690.781338778408,10383.809477306548,2153.4766961960568,5798.111582880435,953.3003623268821,7137.034774116848,25705.361514136905,5938.04347826087,15441.172674005682,2194.866956521739
2018-11-01,2723.231422061012,25258.675316220237,7236.081449962798,3208.5477272727276,5159.1425,19180.97,11359.62508877841,21967.871930803572,10621.792529296876,2083.333185369318,5950.356119791667,936.3946838378906,7040.81815962358,26080.98908025568,5775.977272727273,15144.004572088068,2228.939
2018-12-01,2567.3073858963817,23805.545230263157,6814.2916067023025,3127.0465,5101.374210526315,19350.4,10834.544692095587,21032.417763157893,10778.442529296875,2070.128970497533,6137.164767795139,918.9298492431641,6790.900030838816,26075.627878289473,5617.410516036184,14546.799958881578,2293.63
2019-01-01,2607.3899972098216,24157.795107886905,6979.655715215774,3112.8786363636364,5345.953181818182,20190.87,10968.887340198864,20460.512232730263,10804.88858309659,2101.9841142134233,6383.264626242898,959.4067660245029,6861.590931285511,26711.562943892044,5795.576218377976,15031.88623046875,2349.4304545454547
2019-02-01,2754.8642064144738,25605.526829769737,7430.077354029605,3472.2746666666667,5412.663,20614.45,11280.836474609376,21123.640727796053,10835.955283717105,2210.1988166360293,6492.388543379934,1029.6566986083985,7147.315087890625,28392.37143841912,6075.6349609375,15811.205335115132,2358.995
2019-03-01,2803.9837937127977,25722.621186755954,7629.366652715774,3776.5033333333336,5258.998571428571,21098.07,11542.59193638393,21414.884375,11300.205620659723,2161.914514160156,6450.892651367188,1009.2583908807663,7204.561918712798,28900.017020089286,6183.157180059524,16119.561848958334,2324.508095238095
2019-04-01,2903.799979073661,26401.57738095238,7994.9209216889885,4014.042857142857,5236.100476190476,20896.5,12067.97802734375,21964.85615234375,11666.452765213815,2212.120439009233,6447.6969572368425,961.2634800502232,7434.209985351563,29881.954769736843,6268.0157277960525,16470.40001860119,2368.516
2019-05-01,2854.705910422585,25744.788529829544,7804.820867365057,3659.6375,4979.929047619047,19922.77,12079.569557883522,21218.38003700658,11592.022727272728,2086.8981177920386,6103.299130394345,882.8650457208806,7275.271437872024,28132.274925595237,6374.782587466033,16316.76376065341,2204.1880952380952
2019-06-01,2890.165979003906,26160.10087890625,7825.459008789063,3713.253684210527,5038.913,20622.79,12164.201017680922,21060.20703125,11839.023694490132,2105.3031841077304,6297.607649739583,936.09618063534,7359.3099609375,27718.042660361843,6545.310469777961,16322.645166015625,2290.946842105263
2019-07-01,2996.1136363636365,27089.18670099432,8205.598677201704,3834.0200000000004,5034.722272727273,19957.26,12406.857421875,21593.676491477272,11523.110903532608,2079.480017620584,6387.301481827446,1004.677226673473,7549.256538722826,28465.299538352272,6717.41306470788,16515.04083806818,2321.156956521739
2019-08-01,2897.450450550426,26057.728071732956,7910.933238636364,3735.87,4777.868095238095,19106.75,11719.74951171875,20629.677176339286,10976.49990234375,1944.2376243954614,6262.873046875,974.4231635199653,7203.500046502976,25987.113725142044,6543.649991122159,16243.066592261905,2122.6019047619047
2019-09-01,2982.156005859375,26900.21396484375,8087.699975585938,3904.3269999999998,4940.061111111111,19602.71,12285.253441220239,21585.458881578947,11124.28962787829,2045.205258018092,6259.7450939360115,1013.774187360491,7319.957147507441,26474.269996279763,6665.714285714285,16683.2453125,2167.5495238095236
2019-10-01,2977.675197435462,26736.797724184784,8079.27829908288,3894.673888888889,5028.5995454545455,19904.87,12538.201837713068,22197.474702380954,11482.997275904605,2065.7476109095983,6159.33493970788,993.2666847922585,7221.273883322011,26458.149460565477,6654.20458984375,16403.16357421875,2164.733913043478
2019-11-01,3104.9044921875,27797.04609375,8517.57744140625,3914.8357142857144,4658.282499999999,20078.0,13200.829520089286,23278.08759765625,11964.13251953125,2128.7947591145835,6125.937127976191,1044.6618100120909,7348.333310081845,26979.03590029762,6746.776204427083,16925.99534970238,2218.991052631579
2019-12-01,3176.74951171875,28167.005766369046,8778.59193638393,3961.828636363636,4723.175499999999,20526.13,13193.275607638889,23660.375558035714,12096.88099888393,2147.0134887695312,6217.980391652961,1105.5850481305804,7403.669946289063,27264.28515625,6764.844995117188,17019.95986328125,2106.6222222222223
2020-01-01,3278.202857607887,28879.994326636905,9233.35997953869,4145.441875,4776.707727272727,19834.9,13370.52352627841,23642.921566611843,12183.065132472826,2203.44248046875,6225.773082386364,1191.1279019442472,7558.004527698864,28214.3474609375,6957.676223028274,17381.995649857956,2145.9038095238093
2020-02-01,3277.3141832853617,28519.73159950658,9418.85002055921,3986.888,4541.0115,18264.3,13330.550537109375,23180.366319444445,11948.821186266447,2167.123486328125,5855.487744140625,1179.324658203125,7313.4449462890625,27214.74404296875,6982.3150634765625,17542.689453125,2056.21
2020-03-01,2652.393632368608,22637.420809659092,7772.205832741477,3842.647272727273,3580.473181818182,14463.96,10034.25674715909,18974.003813244046,9426.311941964286,1786.7463600852273,4786.916143508184,953.0457708185369,5741.890935724432,24107.045987215908,5426.195467862216,13757.1318359375,1542.5204545454544
2020-04-01,2761.9752255394346,23293.899832589286,8292.407180059523,3802.8814285714284,3769.7576190476193,14779.28,10374.506982421875,19208.35509672619,9063.583333333334,1849.5889892578125,4600.977841331845,962.6378638857886,5729.350024414062,24008.81722861842,5313.889965820313,14071.476143973214,1594.243
2020-05-01,2919.6084838867187,24271.02138671875,9105.65546875,3909.7250000000004,3763.4536842105263,15580.85,10993.741015625,20543.261284722223,9192.013055098685,1965.1742136101973,4599.330963134766,1008.571242388557,5956.321006373355,23807.5751953125,5502.3857421875,14903.835009765626,1632.0245
2020-06-01,3104.6609330610795,26062.270152698864,9839.971324573864,4039.8199999999997,3968.8690476190477,16878.0,12313.64806547619,22486.934481534092,10116.45467862216,2134.6968272816052,4925.868071056548,1116.078280362216,6244.62275834517,24478.3828125,5929.542852492559,15480.881880326704,1790.0938095238096
2020-07-01,3207.6190962357955,26385.83087713068,10499.86270419034,4636.310869565217,4062.134545454546,17512.53,12740.95609714674,22529.47433035714,10897.695694633152,2195.948677394701,5064.60791015625,1173.1281447637648,6167.365191915761,25316.15216619318,6011.521739130435,15942.481800426136,1804.0891304347826
2020-08-01,3391.7100190662204,27821.367280505954,11212.290504092261,4741.522380952381,3956.784285714286,18576.89,12882.407645089286,22901.4458984375,11318.566685267857,2349.873010253906,5226.649793836806,1094.2849975585937,6073.77001953125,25100.191499255954,6089.361932663691,16584.2900390625,1832.6409523809523
2020-09-01,3365.516671316964,27733.396391369046,11088.679966517857,4666.879545454546,3700.0890476190475,17948.78,12960.89639559659,23306.9458984375,11336.702192826704,2371.5161714099704,5063.162220348011,1103.9681673916903,5933.018132990057,24253.175337357956,5920.163618607955,16234.704799107143,1735.9818181818182
2020-10-01,3418.6999955610795,28005.105024857956,11435.234108664772,4760.9575,3666.578571428571,17472.2,12603.100896661932,23464.124906994046,11789.709495907739,2357.8210320723683,5071.640959087171,1168.557140531994,5851.5,24440.389214409723,6081.886363636364,16226.723865327382,1655.0181818181818
2020-11-01,3548.99248046875,29124.03662109375,11794.4615234375,4904.802857142857,3950.5790476190477,19796.51,12960.69140625,25384.867804276317,12592.957956414473,2504.1809663318454,5483.823916480655,1263.8476097470239,6222.542829241072,26119.760416666668,6407.919084821428,16743.604910714286,1768.2395000000001
2020-12-01,3695.3100142045455,30148.57990056818,12619.050914417614,5017.6756521739135,4147.628,20822.15,13425.95009765625,26772.954367897728,13550.440873579546,2755.7709379650296,5978.132863898027,1387.7136452414773,6522.159936523438,26524.837180397728,6656.909551711309,17520.947823660714,1951.6335
2021-01-01,3793.7484323601975,30821.352590460527,13186.605777138158,5478.5105,4512.5845,21110.22,13823.258984375,28189.06373355263,14284.602490234374,3089.266979980469,6247.352270507812,1528.4849975585937,6698.539990234375,28662.92041015625,6715.747404399671,17830.675,2000.267894736842
2021-02-01,3883.4321160567433,31283.909847861843,13737.403628700658,5559.196,4526.178,22530.22,13951.163916015625,29458.7998046875,14956.842529296875,3092.411661783854,6199.803505345395,1528.6700012207032,6583.575,29869.768988715277,6816.405004882812,18250.079050164473,1952.4255
2021-03-01,3910.5082795516305,32373.29110054348,13168.811820652174,5113.364347826087,4829.4404347826085,21372.03,14508.14262058424,29315.295686141304,14835.09998139881,3032.4691051136365,6252.836403586648,1492.2130498471467,6713.591351052989,28836.265964673912,6765.934803838315,18658.099864130436,1951.8513043478263
2021-04-01,4141.176199776785,33803.28608630953,13900.437965029761,5072.1728571428575,4849.048571428571,19562.77,15236.42744140625,29426.752046130954,14613.8525390625,3164.8550137606535,6012.273809523809,1393.2899963378907,6923.080004882812,28875.071751644737,7009.094995117188,19168.876395089286,1999.4845
2021-05-01,4167.849536132812,34270.30859375,13520.229052734376,5159.540555555555,4366.713,21041.71,15305.75,28517.088216145832,14983.525,3168.2368421052633,5877.761747472427,1434.7888929578994,7024.07373046875,28537.13447265625,7067.01904296875,19442.9048828125,2123.774
2021-06-01,4238.48954634233,34289.906782670456,14097.169078480114,5204.058095238095,4312.0705,18850.91,15618.97403231534,28943.229225852272,15733.677201704546,3259.139981356534,6040.891950334822,1419.7045454545455,7097.418212890625,28850.197172619046,7297.609514508928,20110.072798295456,2239.870476190476
2021-07-01,4363.712797619048,34798.80431547619,14639.07287016369,5049.455,4226.449523809524,17671.77,15573.488991477272,28118.755859375,15783.09765625,3254.573164506392,6055.4228748139885,1370.9764763327205,7047.627263849432,27252.40662202381,7337.186345880682,20165.295107886905,2247.3013636363635
2021-08-01,4453.965931285511,35243.96590909091,14856.517711292614,4902.488181818182,4347.175454545454,17653.54,15816.081365411932,27692.72888764881,16470.459449404763,3182.5009416852677,6111.3187255859375,1441.4476260230654,7138.514299665178,25928.810901988636,7522.081809303977,20462.614304315477,2291.39
2021-09-01,4445.543317522322,34688.42131696428,15023.538550967261,4894.492,4397.384761904762,18279.15,15584.468616832386,29893.56865234375,17508.614304315477,3141.6994885896383,6114.235018643466,1425.25908314098,7065.090909090909,25223.371558779763,7397.563698508523,20510.93824404762,2341.814090909091
2021-10-01,4460.707077752976,35055.517857142855,14879.01232328869,4921.5575,4109.807,20737.77,15401.868071056548,28586.19754464286,18020.22001953125,2989.8731368215463,6525.4564453125,1434.065008544922,7163.1142810639885,25304.148871527777,7338.580984933035,20777.575,2414.0852380952383
2021-11-01,4667.386648995535,35848.57068452381,15814.932896205357,4869.429090909091,4455.013809523809,20416.43,15938.779651988636,29370.6083984375,17718.8923828125,2964.3018022017045,6630.987171519886,1682.8772693980825,7264.772727272727,24912.931906960228,7385.886341441761,21439.104580965908,2309.286
2021-12-01,4674.772771661932,35641.333806818184,15474.43172940341,4951.0199999999995,4293.660476190476,21111.73,15587.753348214286,28514.228249289772,17174.26944633152,2988.494074041193,6585.783824573864,1966.3521728515625,7280.233305431548,23481.234019886364,7351.280947730655,20917.447451636905,2213.439047619048
2022-01-01,4573.815454101563,35456.1447265625,14531.377490234376,4775.3426315789475,4455.882380952381,22943.81,15762.909970238095,27903.988384046053,17770.6224609375,2859.066830283717,6649.136951264881,2007.585693359375,7501.0,23974.514694940477,7299.342028166118,21033.24501953125,2293.0389999999998
2022-02-01,4435.980494449013,34648.48026315789,13898.728412828947,4606.391875,4538.178,23749.03,15095.82490234375,27066.525390625,17225.939990234376,2724.0150146484375,6816.796115451389,2000.1100036621094,7535.4099609375,24154.535386029413,7162.760009765625,21232.373663651317,2141.349
2022-03-01,4391.265264096467,34029.74065896739,13623.262950067934,4281.92304347826,4743.980869565217,24915.5,14012.71042798913,26584.077681107956,16864.673874627977,2698.7161923363096,6958.402898615057,2104.0478356402855,7314.830481487772,21338.19132133152,7234.369543987772,21626.252207880436,2052.743913043478
2022-04-01,4391.29599609375,34314.9900390625,13394.163037109374,4083.8442105263152,4890.7,22818.9,14166.986996299342,27043.33369140625,17419.360711348683,2703.242850167411,7198.951043379934,2432.5475957961307,7554.636872944079,21118.466254340277,7469.972222222223,21586.46513671875,2036.2526315789476
2022-05-01,4040.3600027901784,32379.462797619046,11829.729538690477,3988.56947368421,4976.5027272727275,20719.04,13991.862260298296,26653.76953125,16271.019112723214,2629.2150024414063,6851.610123697917,2435.25,7447.514276413691,20382.259375,7164.022816051136,20400.752418154763,1785.5552380952383
2022-06-01,3898.9466843377977,31446.712797619046,11418.91908482143,4281.325238095238,5145.385,18388.82,13601.01131924716,26958.392223011364,15933.16366299716,2474.948486328125,7046.865559895833,2541.159102006392,7275.524951171875,21516.505301339286,6794.623814174107,19745.3544921875,1738.435238095238
2022-07-01,3911.7294921875,31535.32333984375,11622.63154296875,4319.440952380952,5129.572857142857,19293.66,12981.4052734375,26986.7396484375,16299.02134486607,2362.7947707403273,6769.365908668155,2475.0722384982637,7225.804734002976,20947.72705078125,6701.219075520833,18929.71474609375,1676.5204761904763
2022-08-01,4158.563083814538,33009.56487771739,12570.260402513586,4140.191739130435,5344.285,18853.05,13449.552097486414,28351.666903409092,17579.06494140625,2479.571366743608,7115.56562943892,2920.877286044034,7468.186390269886,19901.78328804348,7032.104322350543,19875.877574573864,1662.6645454545455
2022-09-01,3850.5204961867557,30649.559523809523,11402.84998139881,3958.924761904762,5412.8615,19448.06,12692.554154829546,27418.9861328125,17544.877308238636,2333.928503417969,7188.818204012784,3322.313620827415,7186.585728236607,18563.48995535714,6736.571498325893,19143.018973214286,1483.5013636363635
2022-10-01,3726.050955636161,30570.683779761905,10801.49428013393,3711.625,5111.146842105263,21095.21,12673.459170386905,26983.19853515625,17406.873663651317,2230.2710731907896,6986.436709449405,3734.9619140625,6971.957170758928,16390.929931640625,6735.6333240327385,18874.544921875,1427.012380952381
2022-11-01,3917.488595145089,33417.95824032738,10973.638113839286,3765.191363636364,5266.637619047619,22455.13,14068.89999112216,27903.32451171875,18311.283296130954,2417.5586270419035,7046.161265980114,4552.5136829723015,7367.93184037642,17177.158203125,7102.790882457386,19910.759321732956,1691.497
2022-12-01,3912.3809523809523,33482.25725446428,10838.995814732143,3904.765909090909,5230.892380952381,21330.33,14168.920944940477,27214.691672585228,18385.131924715908,2361.278564453125,6840.129128196023,5226.66816850142,7473.8900390625,19419.57802734375,7177.924975585937,19760.10478515625,1760.832857142857
2023-01-01,3960.656530761719,33656.0001953125,11013.990966796875,4060.278125,5214.798095238095,22416.72,14896.36172762784,26606.281455592107,17968.745070684523,2362.3565063476562,6768.608956473215,5249.8681640625,7746.876232328869,21569.808485243055,7309.414990234375,20256.67615327381,1896.3323809523808
2023-02-01,4079.6847245065787,33648.25678453947,11785.074321546053,4110.8235,5335.067,21576.43,15404.176953125,27509.115028782893,17739.22236328125,2450.3374755859377,6885.575903320312,4958.706207275391,7915.005029296875,20951.95634765625,7405.2249755859375,20530.352590460527,1856.1119999999999
2023-03-01,3968.5591457201085,32483.478260869564,11637.092221467392,4022.9165217391305,5310.070434782609,21898.03,15262.70949388587,27693.202059659092,17225.64295014881,2417.56455300071,6748.636393229167,5143.334791100543,7637.986922554348,19883.817085597828,7110.18259595788,19851.95219089674,1758.3204347826088
2023-04-01,4121.467362253289,33731.28022203947,12073.464740953947,4072.654210526316,5342.736842105263,21822.57,15760.991644965277,28275.821484375,17710.6796875,2523.285510253906,6831.371930803572,4969.921026932566,7827.794460720486,20231.571691176472,7311.452981387868,20483.189453125,1854.6544444444444
2023-05-01,4146.1731955788355,33316.802290482956,12446.530495383522,3940.7065000000002,5570.641363636364,21178.83,15932.643243963068,30147.52607421875,18307.054598721592,2524.4294921875,6735.191941034226,4587.8857654389885,7705.580029296875,19522.383277529763,7229.68259595788,20247.2587890625,1943.6333333333334
2023-06-01,4345.372837611607,33904.97637648809,13463.778134300595,3855.4474999999998,5700.037,22329.75,16041.180042613636,32754.475230823864,18726.771391369046,2598.913330078125,6673.740866268382,5428.352590460527,7556.863636363636,19243.45665922619,7177.285714285715,19865.15447443182,2051.8209523809523
2023-07-01,4508.07548828125,34777.2001953125,14033.090966796875,3878.075238095238,6150.392857142857,23509.38,16069.68810453869,32694.14482421875,19586.00027901786,2594.387160528274,6826.1583984375,6491.752348400298,7512.647623697917,19128.4955078125,7268.833333333333,20278.38994140625,2120.34
2023-08-01,4457.358674422554,34880.65658967391,13743.213018002718,3853.924347826087,6190.273636363636,23133.53,15829.473080842392,32167.380504261364,19438.286576704544,2562.0518132990055,6899.063631924716,7600.08183149858,7448.1318359375,18687.53515625,7253.282651154891,20089.34099786932,2073.3604545454546
2023-09-01,4409.094995117188,34318.8908203125,13585.83955078125,3742.0555,5886.954210526316,22528.4,15637.992001488095,32725.64296875,19786.0451171875,2543.822085731908,6967.645556640625,8105.604724702381,7576.014322916667,17991.179995888157,7164.642810639881,20084.53505859375,1952.2933333333335
2023-10-01,4269.400945490057,33319.492720170456,13199.427689985796,3587.9147058823532,5671.36,21817.42,15059.187721946022,31381.00316220238,19481.66494140625,2392.1363332648025,6861.978648792614,8025.41816850142,7481.522771661932,17450.35400390625,6944.468217329545,19204.652529761905,2008.3904545454543
2023-11-01,4460.063313802083,34704.50241815476,13913.160574776786,3568.0718181818183,5718.1776190476185,21934.44,15631.793146306818,32960.34716796875,19602.84990234375,2458.9477317116475,6909.092906605114,7846.422718394886,7442.445467862216,17533.53045099432,7011.459073153409,19897.899946732956,2202.2209523809524
2023-12-01,4685.051489257812,36947.9275390625,14690.473974609375,3377.154285714286,6048.62052631579,25960.01,16681.726459703947,33118.00316220238,21165.9900390625,2553.6410747327304,7162.589021381579,7733.024926757813,7606.242110402961,16545.90486225329,7344.431563527961,20590.873663651317,2321.5973684210526
2024-01-01,4804.491513206845,37763.954799107145,15081.388160342261,3290.943636363636,6012.9004545454545,26934.0,16704.547318892044,35451.77837171053,21634.75465029762,2518.588212446733,7238.06689453125,7984.004549893466,7598.363658558239,15971.78426846591,7503.633347284226,20976.054598721592,2238.4827272727275
2024-02-01,5011.96142578125,38720.51796875,15808.935009765624,3385.362666666667,6169.9595238095235,28231.83,17137.254743303572,37785.24609375,21947.27855282738,2630.4163368626646,7284.157497829861,9089.252371651786,7638.828566778274,16182.421977796053,7632.657156808035,21116.2048828125,2376.3038095238094
2024-03-01,5170.572485351562,39105.519921875,16216.2955078125,3556.407142857143,6454.4765,28366.99,18000.54453125,39844.2814453125,22176.6943359375,2699.5870361328125,7339.195610894098,8969.70958891369,7770.2650146484375,16600.675048828125,7750.790014648437,21846.43486328125,2379.7145
2024-04-01,5112.492742365057,38401.217329545456,15950.863547585228,3546.8730000000005,6517.973181818182,29184.35,18045.728701636905,38750.515625,22443.4576171875,2674.2499883742557,7165.029052734375,9587.077690972223,7978.299967447917,16879.8072265625,7719.8800048828125,21973.340909090908,2466.1433333333334
2024-05-01,5235.225497159091,39129.390447443184,16536.317160866478,3643.5775000000003,6668.772380952381,30220.4,18577.892223011364,38557.94773065476,22484.43322172619,2710.44599609375,7154.305419921875,10448.849920099432,8330.923804873511,18792.399460565477,7744.186969259511,22216.350053267044,2538.046
2024-06-01,5415.140496504934,38903.73067434211,17495.891652960527,3529.495789473684,6545.163684210526,29895.87,18317.66494140625,38858.85390625,23364.044716282893,2748.160516036184,6904.722737630208,10443.75310202206,8216.1099609375,18134.524773848683,7767.8894685444075,21841.6650390625,2474.5305
2024-07-01,5538.004572088068,40086.03160511364,17963.290926846592,3453.0934782608692,6504.431363636363,29537.12,18414.577955163044,40102.93465909091,24495.15216619318,2809.1917353091035,7257.743015455163,10879.05899325284,8205.656589673914,17588.411487926136,7908.195673403533,22577.109019886364,2491.354347826087
2024-08-01,5478.214577414773,40310.814453125,17268.26886541193,3333.1768181818184,6375.106666666667,28441.73,18165.501953125,36873.306640625,24613.073753720237,2647.9918852306546,7416.763028231534,9947.490466889882,8253.971493675595,17330.020951704544,7921.772771661932,22815.299851190477,2352.9514285714286
2024-09-01,5621.26044921875,41490.8828125,17599.23017578125,3315.1273684210523,6376.604444444445,29942.23,18761.79334077381,37307.43564967105,25470.090494791668,2593.624457465278,7739.799780273437,9801.985677083334,8266.404808407739,18200.818050986843,8106.471423921131,23529.4099609375,2337.987142857143
2024-10-01,5792.319548233696,42494.19735054348,18316.404636548912,3937.7861111111106,6578.769545454546,30470.47,19334.973335597828,38843.80078125,24781.670365767044,2596.1069946289062,7621.072010869565,8933.522727272728,8267.430388077446,20981.305524553572,8228.665315047554,24393.122602982956,2285.4952173913043
2024-11-01,5929.915991210937,43716.926953125,18961.3357421875,3982.9557142857147,6555.2294999999995,29485.3,19236.87658110119,38645.62734375,23969.847450657893,2504.1928594680057,7269.288427734375,9265.738048735118,8158.4809337797615,19892.404761904763,8295.299967447916,25006.581008184523,2213.5121052631575
2024-12-01,6010.908551897322,43655.57087053572,19734.54175967262,3958.7204545454547,6701.764999999999,28960.95,20179.55447048611,39296.98418898809,24231.01915922619,2443.6425048828123,7216.035233347039,9924.714192708334,8237.104956054687,19936.0525390625,8314.195043945312,25164.47001953125,2254.956111111111
2025-01-01,5979.51552734375,43524.3486328125,19565.0439453125,3795.9449999999997,6932.447272727272,28984.27,20808.615767045456,39297.96484375,23366.395635190216,2503.8855658637153,7117.449450041118,9980.213689630682,8410.000044389204,19610.114720394737,8344.738025483632,25126.009144176136,2314.246666666667
2025-02-01,6038.689967105263,44209.30962171053,19547.281455592107,3916.6655555555553,7304.908,28546.83,22242.16943359375,38735.296223958336,23060.9376953125,2578.75400390625,6730.652661132813,9766.1,8712.500048828126,22207.7138671875,8403.335083007812,25433.968544407893,2549.161
2025-03-01,5683.983351934524,42092.12872023809,17828.026506696428,3938.94619047619,7504.685714285714,30089.72,22856.321800595237,37311.78203125,22851.536903782893,2585.9724975585937,6457.059004934211,10114.5048828125,8661.957077752977,23769.376023065477,7946.233351934524,24801.31408110119,2695.2804761904763
2025-04-01,5369.495721726191,39876.32775297619,16678.45972842262,3768.497619047619,7698.022857142858,30107.15,21372.49345703125,34342.96242559524,23531.66293174342,2472.1808860085225,6454.92138671875,9361.544873046874,8240.374975585937,21580.885793585527,7787.326377467105,24120.966796875,2647.859
2025-05-01,5810.919480096726,41864.24534970238,18642.369233630954,3873.0584210526317,8273.210000000001,31315.52,23704.248604910714,37490.4525390625,24676.440290178572,2620.0805278577304,7034.21533203125,9359.4099609375,8658.23994140625,23268.6427734375,8293.731800426136,25662.128348214286,2790.90619047619
2025-06-01,6029.951513671875,42752.9380859375,19673.301171875,3885.4379999999996,8161.158,32725.65,23770.753999255954,38458.28106398809,25003.39769345238,2949.1294844777963,7038.140625,9383.121042351973,8807.01427641369,23914.575334821428,8530.800048828125,26534.71447172619,2752.0315
2025-07-01,6296.498180042614,44499.74129971591,20784.895951704544,4046.4669565217396,8207.596818181819,33440.29,24140.75484035326,40173.04030539773,25164.891474184784,3168.586521314538,7214.084557574728,10380.3681640625,8970.552139945652,24667.908558238636,8641.069590692934,27209.236683238636,2905.0021739130434
2025-08-01,6408.949474516369,44764.85063244047,21383.58714657738,4240.453333333334,8629.642,34937.73,24115.406156994046,42299.8548828125,24698.10279605263,3183.7905029296876,7763.641796875,11078.780831473214,9182.510009765625,25134.137648809523,8882.142810639882,27974.9501953125,2932.809
2025-09-01,6584.0180896577385,45908.10230654762,22188.587797619046,4515.405909090909,9056.134,38054.76,23659.254261363636,44218.5365234375,24942.67498224432,3352.562744140625,7932.520740327381,10962.631791548296,9234.61825284091,26144.423295454544,8826.350053267046,29409.74767485119,2818.9536363636366
2025-10-01,6735.691724694293,46709.67221467391,23003.125764266304,4630.022352941177,9036.88318181818,38599.28,24261.511379076088,48521.069779829544,25494.083519345237,3808.5933430989585,8145.745563009511,10700.772727272728,9525.16945482337,26220.033984375,8973.904424252718,30268.731800426136,2918.151739130435
2025-11-01,6740.885767886513,47016.37417763158,23023.622738486843,4593.306,9754.2305,38978.53,23706.11953125,50111.10503472222,25894.83439555921,4012.458044433594,8411.2208984375,10844.03505859375,9688.455078125,26161.60458984375,8668.680029296875,30390.6798828125,2977.4715789473685
2025-12-01,6853.025457208807,48118.866654829544,23377.326882102272,4590.223913043478,10288.593499999999,43464.77,24102.36369243421,50162.42063210227,25997.738725142044,4088.0385858444943,8635.06533203125,11227.590953480114,9765.676199776786,25723.553757440477,8643.628720238095,31520.10974702381,3065.436842105263
2026-01-01,6929.12197265625,49138.2736328125,23520.72236328125,4737.5665,11184.135714285714,52927.0,24954.870163690477,53077.26850328947,25652.9626953125,4807.380952380952,8867.4505859375,12626.89048549107,10137.752418154761,26788.193824404763,8817.604931640624,32738.78097098214,3303.543
2026-02-01,6893.806280838816,49511.97203947369,22892.92341694079,4692.636428571429,11081.945,57528.69,24956.47646484375,56480.852430555555,25625.57509765625,5575.401740579044,8193.852728949652,13918.325,10537.87001953125,26796.94106158088,8978.384912109375,33215.68421052631,3405.203
2026-03-01,6654.419122869318,46859.67223011364,22130.037642045456,4596.210454545455,10436.453636363636,52502.51,23296.2353515625,53964.90122767857,23593.484272203947,5524.279552641369,7372.30508961397,12990.185825892857,10242.327281605114,25420.03497869318,8648.668146306818,32726.140891335228,3298.8740909090907
2026-04-01,6957.007626488095,48429.89601934524,23677.052920386905,4676.680476190476,11039.681904761905,51296.62,23965.34658203125,57245.82087053572,23879.29248046875,6061.493607954545,7319.6294177827385,13944.933361235118,10481.884814453126,25914.91879111842,8839.960009765626,33735.30952380953,3563.3235
2026-05-01,7412.551538085938,49916.8048828125,26155.774609375,4892.843333333334,10668.265789473686,55033.6,24602.6314453125,62773.72113715278,23822.536800986843,7705.066162109375,6610.150421142578,14373.581298828125,10357.284231085527,25892.428762335527,8670.252371651786,34172.3697265625,3604.483
2026-06-01,7450.032900855655,51399.306361607145,26074.847191220237,4883.2733333333335,10656.580952380953,55499.93,24796.856534090908,68340.45862926137,23683.145182291668,8468.796688988095,5937.1068359375,14173.97274502841,10406.731800426136,24268.114676339286,8776.652436755952,34858.763671875,3642.539047619048
2026-07-01,7481.339089133523,52373.187677556816,25623.679953835228,4722.114782608695,10931.691818181818,57378.3,25225.04594089674,66505.59730113637,24133.632472826088,7000.54463334517,6068.675441576087,14049.42276278409,10644.895720108696,24642.760031960228,8835.634765625,35295.17311789773,3778.505217391304
2026-08-01,7711.323335193452,53605.81715029762,26388.689453125,4636.777619047619,11233.342857142858,,26243.233444940477,66377.8099609375,24361.273995535714,6633.051513671875,6405.963224712171,14146.561848958334,10822.45,25621.26720610119,9136.48084077381,36505.9349609375,4004.250476190476
