month,peru_usd_pen,peru_diesel_price_index,peru_industrial_electricity_tariff_index,peru_formal_private_income_pen,issue,absolute_pct_change
2005-01,3.268,,,,null_peru_diesel_price_index,
2005-02,3.259,,,,null_peru_diesel_price_index,
2005-03,3.259,,,,null_peru_diesel_price_index,
2005-04,3.258,,,,null_peru_diesel_price_index,
2005-05,3.255,,,,null_peru_diesel_price_index,
2005-06,3.253,,,,null_peru_diesel_price_index,
2005-07,3.252,,,,null_peru_diesel_price_index,
2005-08,3.257,,,,null_peru_diesel_price_index,
2005-09,3.308,,,,null_peru_diesel_price_index,
2005-10,3.381,,,,null_peru_diesel_price_index,
2005-11,3.376,,,,null_peru_diesel_price_index,
2005-12,3.424,,,,null_peru_diesel_price_index,
2006-01,3.393,,,,null_peru_diesel_price_index,
2006-02,3.289,,,,null_peru_diesel_price_index,
2006-03,3.339,,,,null_peru_diesel_price_index,
2006-04,3.332,,,,null_peru_diesel_price_index,
2006-05,3.279,,,,null_peru_diesel_price_index,
2006-06,3.264,,,,null_peru_diesel_price_index,
2006-07,3.243,,,,null_peru_diesel_price_index,
2006-08,3.234,,,,null_peru_diesel_price_index,
2006-09,3.248,,,,null_peru_diesel_price_index,
2006-10,3.237,,,,null_peru_diesel_price_index,
2006-11,3.222,,,,null_peru_diesel_price_index,
2006-12,3.205,,,,null_peru_diesel_price_index,
2007-01,3.193,,,,null_peru_diesel_price_index,
2007-02,3.19,,,,null_peru_diesel_price_index,
2007-03,3.186,,,,null_peru_diesel_price_index,
2007-04,3.178,,,,null_peru_diesel_price_index,
2007-05,3.168,,,,null_peru_diesel_price_index,
2007-06,3.17,,,,null_peru_diesel_price_index,
2007-07,3.161,,,,null_peru_diesel_price_index,
2007-08,3.158,,,,null_peru_diesel_price_index,
2007-09,3.136,,,,null_peru_diesel_price_index,
2007-10,3.02,,,,null_peru_diesel_price_index,
2007-11,3.001,,,,null_peru_diesel_price_index,
2007-12,2.981,,,,null_peru_diesel_price_index,
2008-01,2.95,,,,null_peru_diesel_price_index,
2008-02,2.906,,,,null_peru_diesel_price_index,
2008-03,2.811,,,,null_peru_diesel_price_index,
2008-04,2.748,,,,null_peru_diesel_price_index,
2008-05,2.805,,,,null_peru_diesel_price_index,
2008-06,2.892,,,,null_peru_diesel_price_index,
2008-07,2.848,,,,null_peru_diesel_price_index,
2008-08,2.892,,,,null_peru_diesel_price_index,
2008-09,2.966,,,,null_peru_diesel_price_index,
2008-10,3.075,,,,null_peru_diesel_price_index,
2008-11,3.092,,,,null_peru_diesel_price_index,
2008-12,3.114,,,,null_peru_diesel_price_index,
2009-01,3.151,,,,null_peru_diesel_price_index,
2009-02,3.236,,,,null_peru_diesel_price_index,
2009-03,3.175,,,,null_peru_diesel_price_index,
2009-04,3.085,,,,null_peru_diesel_price_index,
2009-05,2.994,,,,null_peru_diesel_price_index,
2009-06,2.99,,,,null_peru_diesel_price_index,
2009-07,3.013,,,,null_peru_diesel_price_index,
2009-08,2.951,,,,null_peru_diesel_price_index,
2009-09,2.91,,,,null_peru_diesel_price_index,
2009-10,2.872,,,,null_peru_diesel_price_index,
2009-11,2.885,,,,null_peru_diesel_price_index,
2009-12,2.877,,,,null_peru_diesel_price_index,
2005-01,3.268,,,,null_peru_industrial_electricity_tariff_index,
2005-02,3.259,,,,null_peru_industrial_electricity_tariff_index,
2005-03,3.259,,,,null_peru_industrial_electricity_tariff_index,
2005-04,3.258,,,,null_peru_industrial_electricity_tariff_index,
2005-05,3.255,,,,null_peru_industrial_electricity_tariff_index,
2005-06,3.253,,,,null_peru_industrial_electricity_tariff_index,
2005-07,3.252,,,,null_peru_industrial_electricity_tariff_index,
2005-08,3.257,,,,null_peru_industrial_electricity_tariff_index,
2005-09,3.308,,,,null_peru_industrial_electricity_tariff_index,
2005-10,3.381,,,,null_peru_industrial_electricity_tariff_index,
2005-11,3.376,,,,null_peru_industrial_electricity_tariff_index,
2005-12,3.424,,,,null_peru_industrial_electricity_tariff_index,
2006-01,3.393,,,,null_peru_industrial_electricity_tariff_index,
2006-02,3.289,,,,null_peru_industrial_electricity_tariff_index,
2006-03,3.339,,,,null_peru_industrial_electricity_tariff_index,
2006-04,3.332,,,,null_peru_industrial_electricity_tariff_index,
2006-05,3.279,,,,null_peru_industrial_electricity_tariff_index,
2006-06,3.264,,,,null_peru_industrial_electricity_tariff_index,
2006-07,3.243,,,,null_peru_industrial_electricity_tariff_index,
2006-08,3.234,,,,null_peru_industrial_electricity_tariff_index,
2006-09,3.248,,,,null_peru_industrial_electricity_tariff_index,
2006-10,3.237,,,,null_peru_industrial_electricity_tariff_index,
2006-11,3.222,,,,null_peru_industrial_electricity_tariff_index,
2006-12,3.205,,,,null_peru_industrial_electricity_tariff_index,
2007-01,3.193,,,,null_peru_industrial_electricity_tariff_index,
2007-02,3.19,,,,null_peru_industrial_electricity_tariff_index,
2007-03,3.186,,,,null_peru_industrial_electricity_tariff_index,
2007-04,3.178,,,,null_peru_industrial_electricity_tariff_index,
2007-05,3.168,,,,null_peru_industrial_electricity_tariff_index,
2007-06,3.17,,,,null_peru_industrial_electricity_tariff_index,
2007-07,3.161,,,,null_peru_industrial_electricity_tariff_index,
2007-08,3.158,,,,null_peru_industrial_electricity_tariff_index,
2007-09,3.136,,,,null_peru_industrial_electricity_tariff_index,
2007-10,3.02,,,,null_peru_industrial_electricity_tariff_index,
2007-11,3.001,,,,null_peru_industrial_electricity_tariff_index,
2007-12,2.981,,,,null_peru_industrial_electricity_tariff_index,
2008-01,2.95,,,,null_peru_industrial_electricity_tariff_index,
2008-02,2.906,,,,null_peru_industrial_electricity_tariff_index,
2008-03,2.811,,,,null_peru_industrial_electricity_tariff_index,
2008-04,2.748,,,,null_peru_industrial_electricity_tariff_index,
2008-05,2.805,,,,null_peru_industrial_electricity_tariff_index,
2008-06,2.892,,,,null_peru_industrial_electricity_tariff_index,
2008-07,2.848,,,,null_peru_industrial_electricity_tariff_index,
2008-08,2.892,,,,null_peru_industrial_electricity_tariff_index,
2008-09,2.966,,,,null_peru_industrial_electricity_tariff_index,
2008-10,3.075,,,,null_peru_industrial_electricity_tariff_index,
2008-11,3.092,,,,null_peru_industrial_electricity_tariff_index,
2008-12,3.114,,,,null_peru_industrial_electricity_tariff_index,
2009-01,3.151,,,,null_peru_industrial_electricity_tariff_index,
2009-02,3.236,,,,null_peru_industrial_electricity_tariff_index,
2009-03,3.175,,,,null_peru_industrial_electricity_tariff_index,
2009-04,3.085,,,,null_peru_industrial_electricity_tariff_index,
2009-05,2.994,,,,null_peru_industrial_electricity_tariff_index,
2009-06,2.99,,,,null_peru_industrial_electricity_tariff_index,
2009-07,3.013,,,,null_peru_industrial_electricity_tariff_index,
2009-08,2.951,,,,null_peru_industrial_electricity_tariff_index,
2009-09,2.91,,,,null_peru_industrial_electricity_tariff_index,
2009-10,2.872,,,,null_peru_industrial_electricity_tariff_index,
2009-11,2.885,,,,null_peru_industrial_electricity_tariff_index,
2009-12,2.877,,,,null_peru_industrial_electricity_tariff_index,
2005-01,3.268,,,,null_peru_formal_private_income_pen,
2005-02,3.259,,,,null_peru_formal_private_income_pen,
2005-03,3.259,,,,null_peru_formal_private_income_pen,
2005-04,3.258,,,,null_peru_formal_private_income_pen,
2005-05,3.255,,,,null_peru_formal_private_income_pen,
2005-06,3.253,,,,null_peru_formal_private_income_pen,
2005-07,3.252,,,,null_peru_formal_private_income_pen,
2005-08,3.257,,,,null_peru_formal_private_income_pen,
2005-09,3.308,,,,null_peru_formal_private_income_pen,
2005-10,3.381,,,,null_peru_formal_private_income_pen,
2005-11,3.376,,,,null_peru_formal_private_income_pen,
2005-12,3.424,,,,null_peru_formal_private_income_pen,
2006-01,3.393,,,,null_peru_formal_private_income_pen,
2006-02,3.289,,,,null_peru_formal_private_income_pen,
2006-03,3.339,,,,null_peru_formal_private_income_pen,
2006-04,3.332,,,,null_peru_formal_private_income_pen,
2006-05,3.279,,,,null_peru_formal_private_income_pen,
2006-06,3.264,,,,null_peru_formal_private_income_pen,
2006-07,3.243,,,,null_peru_formal_private_income_pen,
2006-08,3.234,,,,null_peru_formal_private_income_pen,
2006-09,3.248,,,,null_peru_formal_private_income_pen,
2006-10,3.237,,,,null_peru_formal_private_income_pen,
2006-11,3.222,,,,null_peru_formal_private_income_pen,
2006-12,3.205,,,,null_peru_formal_private_income_pen,
2007-01,3.193,,,,null_peru_formal_private_income_pen,
2007-02,3.19,,,,null_peru_formal_private_income_pen,
2007-03,3.186,,,,null_peru_formal_private_income_pen,
2007-04,3.178,,,,null_peru_formal_private_income_pen,
2007-05,3.168,,,,null_peru_formal_private_income_pen,
2007-06,3.17,,,,null_peru_formal_private_income_pen,
2007-07,3.161,,,,null_peru_formal_private_income_pen,
2007-08,3.158,,,,null_peru_formal_private_income_pen,
2007-09,3.136,,,,null_peru_formal_private_income_pen,
2007-10,3.02,,,,null_peru_formal_private_income_pen,
2007-11,3.001,,,,null_peru_formal_private_income_pen,
2007-12,2.981,,,,null_peru_formal_private_income_pen,
2008-01,2.95,,,,null_peru_formal_private_income_pen,
2008-02,2.906,,,,null_peru_formal_private_income_pen,
2008-03,2.811,,,,null_peru_formal_private_income_pen,
2008-04,2.748,,,,null_peru_formal_private_income_pen,
2008-05,2.805,,,,null_peru_formal_private_income_pen,
2008-06,2.892,,,,null_peru_formal_private_income_pen,
2008-07,2.848,,,,null_peru_formal_private_income_pen,
2008-08,2.892,,,,null_peru_formal_private_income_pen,
2008-09,2.966,,,,null_peru_formal_private_income_pen,
2008-10,3.075,,,,null_peru_formal_private_income_pen,
2008-11,3.092,,,,null_peru_formal_private_income_pen,
2008-12,3.114,,,,null_peru_formal_private_income_pen,
2009-01,3.151,,,,null_peru_formal_private_income_pen,
2009-02,3.236,,,,null_peru_formal_private_income_pen,
2009-03,3.175,,,,null_peru_formal_private_income_pen,
2009-04,3.085,,,,null_peru_formal_private_income_pen,
2009-05,2.994,,,,null_peru_formal_private_income_pen,
2009-06,2.99,,,,null_peru_formal_private_income_pen,
2009-07,3.013,,,,null_peru_formal_private_income_pen,
2009-08,2.951,,,,null_peru_formal_private_income_pen,
2009-09,2.91,,,,null_peru_formal_private_income_pen,
2009-10,2.872,,,,null_peru_formal_private_income_pen,
2009-11,2.885,,,,null_peru_formal_private_income_pen,
2009-12,2.877,,,,null_peru_formal_private_income_pen,
2010-01,2.856,97.0,101.0,,null_peru_formal_private_income_pen,
2010-02,2.854,95.0,103.0,,null_peru_formal_private_income_pen,
2010-03,2.839,95.0,103.0,,null_peru_formal_private_income_pen,
2010-04,2.84,97.0,103.0,,null_peru_formal_private_income_pen,
2010-05,2.846,102.0,99.0,,null_peru_formal_private_income_pen,
2010-06,2.838,101.0,99.0,,null_peru_formal_private_income_pen,
2010-07,2.823,101.0,99.0,,null_peru_formal_private_income_pen,
2010-08,2.802,100.0,98.0,,null_peru_formal_private_income_pen,
2010-09,2.791,100.0,98.0,,null_peru_formal_private_income_pen,
2010-10,2.791,101.0,99.0,,null_peru_formal_private_income_pen,
2010-11,2.806,105.0,101.0,,null_peru_formal_private_income_pen,
2010-12,2.816,105.0,98.0,,null_peru_formal_private_income_pen,
2011-01,2.787,110.0,108.0,,null_peru_formal_private_income_pen,
2011-02,2.771,110.0,102.0,,null_peru_formal_private_income_pen,
2011-03,2.779,108.0,102.0,,null_peru_formal_private_income_pen,
2011-04,2.816,108.0,103.0,,null_peru_formal_private_income_pen,
2011-05,2.775,108.0,99.0,,null_peru_formal_private_income_pen,
2011-06,2.764,111.0,99.0,,null_peru_formal_private_income_pen,
2011-07,2.741,112.0,100.0,,null_peru_formal_private_income_pen,
2011-08,2.739,112.0,102.0,,null_peru_formal_private_income_pen,
2011-09,2.744,116.0,102.0,,null_peru_formal_private_income_pen,
2011-10,2.732,116.0,103.0,,null_peru_formal_private_income_pen,
2011-11,2.705,121.0,102.0,,null_peru_formal_private_income_pen,
2011-12,2.696,120.0,102.0,,null_peru_formal_private_income_pen,
2012-01,2.693,117.0,104.0,,null_peru_formal_private_income_pen,
2012-02,2.684,117.0,109.0,,null_peru_formal_private_income_pen,
2012-03,2.671,121.0,109.0,,null_peru_formal_private_income_pen,
2012-04,2.657,120.0,108.0,,null_peru_formal_private_income_pen,
2012-05,2.669,121.0,103.0,,null_peru_formal_private_income_pen,
2012-06,2.671,121.0,103.0,,null_peru_formal_private_income_pen,
2012-07,2.635,115.0,103.0,,null_peru_formal_private_income_pen,
2012-08,2.616,115.0,105.0,,null_peru_formal_private_income_pen,
2012-09,2.603,117.0,104.0,,null_peru_formal_private_income_pen,
2012-10,2.588,117.0,105.0,,null_peru_formal_private_income_pen,
2012-11,2.599,117.0,105.0,,null_peru_formal_private_income_pen,
2012-12,2.567,117.0,105.0,,null_peru_formal_private_income_pen,
2013-01,2.552,112.0,104.0,,null_peru_formal_private_income_pen,
2013-02,2.578,112.0,105.0,,null_peru_formal_private_income_pen,
2013-03,2.594,116.0,108.0,,null_peru_formal_private_income_pen,
2013-04,2.598,116.0,108.0,,null_peru_formal_private_income_pen,
2013-05,2.644,110.0,102.0,,null_peru_formal_private_income_pen,
2013-06,2.748,110.0,105.0,,null_peru_formal_private_income_pen,
2013-07,2.777,113.0,106.0,,null_peru_formal_private_income_pen,
2013-08,2.802,112.0,109.0,,null_peru_formal_private_income_pen,
2013-09,2.779,118.0,109.0,,null_peru_formal_private_income_pen,
2013-10,2.769,118.0,109.0,,null_peru_formal_private_income_pen,
2013-11,2.798,115.0,107.0,,null_peru_formal_private_income_pen,
2013-12,2.785,115.0,108.0,,null_peru_formal_private_income_pen,
2014-01,2.809,115.0,104.0,,null_peru_formal_private_income_pen,
2014-02,2.813,114.0,111.0,,null_peru_formal_private_income_pen,
2014-03,2.806,116.0,110.0,,null_peru_formal_private_income_pen,
2014-04,2.794,115.0,114.0,,null_peru_formal_private_income_pen,
2014-05,2.787,114.0,115.0,,null_peru_formal_private_income_pen,
2014-06,2.794,113.0,115.0,,null_peru_formal_private_income_pen,
2014-07,2.786,112.0,115.0,,null_peru_formal_private_income_pen,
2014-08,2.814,111.0,108.0,,null_peru_formal_private_income_pen,
2014-09,2.864,109.0,108.0,,null_peru_formal_private_income_pen,
2014-10,2.906,108.0,111.0,,null_peru_formal_private_income_pen,
2014-11,2.925,104.0,111.0,,null_peru_formal_private_income_pen,
2014-12,2.962,98.0,110.0,,null_peru_formal_private_income_pen,
2026-07,3.4,119.0,129.0,,null_peru_formal_private_income_pen,
2026-03,3.447,115.0,123.0,4661.2,large_monthly_change_peru_diesel_price_index,0.3068181818181819
2015-07,3.181,77.0,127.0,3658.9,large_monthly_change_peru_formal_private_income_pen,0.6692062043795621
2015-08,3.238,77.0,129.0,2129.1,large_monthly_change_peru_formal_private_income_pen,0.4181038016890323
2015-12,3.383,75.0,129.0,3897.0,large_monthly_change_peru_formal_private_income_pen,0.8097803371569219
2016-01,3.437,68.0,134.0,2265.6,large_monthly_change_peru_formal_private_income_pen,0.41862971516551195
2016-07,3.299,72.0,128.0,3771.8,large_monthly_change_peru_formal_private_income_pen,0.6687165420519399
2016-08,3.333,72.0,131.0,2198.8,large_monthly_change_peru_formal_private_income_pen,0.41704226098944797
2016-12,3.395,76.0,137.0,4028.4,large_monthly_change_peru_formal_private_income_pen,0.8212396582123966
2017-01,3.34,79.0,136.0,2312.5,large_monthly_change_peru_formal_private_income_pen,0.4259507496772913
2017-07,3.249,76.0,127.0,3820.4,large_monthly_change_peru_formal_private_income_pen,0.6570808935155064
2017-08,3.241,75.0,129.0,2242.0,large_monthly_change_peru_formal_private_income_pen,0.4131504554496912
2017-12,3.246,81.0,136.0,4028.8,large_monthly_change_peru_formal_private_income_pen,0.8069608898457123
2018-01,3.215,84.0,137.0,2322.5,large_monthly_change_peru_formal_private_income_pen,0.423525615567911
2018-07,3.277,90.0,138.0,3898.1,large_monthly_change_peru_formal_private_income_pen,0.6402693035977278
2018-12,3.364,96.0,137.0,4120.5,large_monthly_change_peru_formal_private_income_pen,0.7772266551649774
2019-01,3.344,95.0,138.0,2411.2,large_monthly_change_peru_formal_private_income_pen,0.4148282975367068
2019-07,3.29,91.0,141.0,3962.0,large_monthly_change_peru_formal_private_income_pen,0.6005494061565806
2019-08,3.378,91.0,137.0,2364.1,large_monthly_change_peru_formal_private_income_pen,0.4033064109035841
2019-12,3.355,90.0,146.0,4127.5,large_monthly_change_peru_formal_private_income_pen,0.7482739633190731
2020-01,3.327,91.0,146.0,2430.9,large_monthly_change_peru_formal_private_income_pen,0.41104784978800724
2020-07,3.517,78.0,147.0,3798.3,large_monthly_change_peru_formal_private_income_pen,0.7226631593269537
2020-08,3.564,79.0,148.0,2220.6,large_monthly_change_peru_formal_private_income_pen,0.4153700339625622
2020-12,3.603,80.0,155.0,4107.5,large_monthly_change_peru_formal_private_income_pen,0.8067651975015395
2021-01,3.625,84.0,153.0,2452.8,large_monthly_change_peru_formal_private_income_pen,0.4028484479610468
2021-07,3.94,100.0,149.0,4132.3,large_monthly_change_peru_formal_private_income_pen,0.594989964489733
2021-08,4.086,104.0,153.0,2418.7,large_monthly_change_peru_formal_private_income_pen,0.4146843162403505
2021-12,4.037,108.0,160.0,4388.0,large_monthly_change_peru_formal_private_income_pen,0.7207843137254901
2022-01,3.889,107.0,159.0,2558.5,large_monthly_change_peru_formal_private_income_pen,0.4169325432999088
2022-03,3.739,112.0,159.0,4187.9,large_monthly_change_peru_formal_private_income_pen,0.5219872074429421
2022-07,3.902,109.0,157.0,4331.8,large_monthly_change_peru_formal_private_income_pen,0.6220325020594624
2022-12,3.829,121.0,172.0,4595.3,large_monthly_change_peru_formal_private_income_pen,0.7763732652982334
2023-01,3.833,118.0,172.0,2641.3,large_monthly_change_peru_formal_private_income_pen,0.42521706961460626
2023-03,3.78,112.0,161.0,4088.1,large_monthly_change_peru_formal_private_income_pen,0.4370430258717659
2023-07,3.601,93.0,153.0,4436.8,large_monthly_change_peru_formal_private_income_pen,0.6455752540612716
2023-12,3.734,105.0,154.0,4747.1,large_monthly_change_peru_formal_private_income_pen,0.7342271581485404
2024-01,3.74,101.0,154.0,2783.5,large_monthly_change_peru_formal_private_income_pen,0.4136420130184745
2024-03,3.71,101.0,149.0,4141.9,large_monthly_change_peru_formal_private_income_pen,0.4033678932032254
2024-07,3.764,98.0,146.0,4591.2,large_monthly_change_peru_formal_private_income_pen,0.6209574918796779
2024-08,3.741,99.0,146.0,2753.1,large_monthly_change_peru_formal_private_income_pen,0.40035284892838474
2024-12,3.735,95.0,149.0,4895.9,large_monthly_change_peru_formal_private_income_pen,0.748098689613311
2025-01,3.748,95.0,149.0,2880.3,large_monthly_change_peru_formal_private_income_pen,0.41169141526583464
2025-03,3.653,95.0,144.0,4294.7,large_monthly_change_peru_formal_private_income_pen,0.4057937806873977
2025-07,3.556,92.0,142.0,4729.6,large_monthly_change_peru_formal_private_income_pen,0.6095834467737544
2025-12,3.367,90.0,132.0,4991.9,large_monthly_change_peru_formal_private_income_pen,0.7290959473501903
2026-01,3.357,89.0,132.0,2955.7,large_monthly_change_peru_formal_private_income_pen,0.4079007992948577
2026-03,3.447,115.0,123.0,4661.2,large_monthly_change_peru_formal_private_income_pen,0.5060906652880544
