date,baltic_dry_index
2015-01-02,771.0
2015-01-05,761.0
2015-01-06,758.0
2015-01-07,744.0
2015-01-08,724.0
2015-01-09,709.0
2015-01-12,723.0
2015-01-13,762.0
2015-01-14,757.0
2015-01-15,749.0
2015-01-16,741.0
2015-01-19,739.0
2015-01-20,753.0
2015-01-21,770.0
2015-01-22,751.0
2015-01-23,720.0
2015-01-26,703.0
2015-01-27,688.0
2015-01-28,666.0
2015-01-29,632.0
2015-01-30,608.0
2015-02-02,590.0
2015-02-03,577.0
2015-02-04,569.0
2015-02-05,564.0
2015-02-06,559.0
2015-02-09,554.0
2015-02-10,556.0
2015-02-11,553.0
2015-02-12,540.0
2015-02-13,530.0
2015-02-16,522.0
2015-02-17,516.0
2015-02-18,509.0
2015-02-23,512.0
2015-02-24,516.0
2015-02-25,524.0
2015-02-26,533.0
2015-02-27,540.0
2015-03-02,548.0
2015-03-03,553.0
2015-03-04,559.0
2015-03-05,561.0
2015-03-06,565.0
2015-03-09,568.0
2015-03-10,568.0
2015-03-11,565.0
2015-03-12,560.0
2015-03-13,562.0
2015-03-16,564.0
2015-03-17,568.0
2015-03-18,571.0
2015-03-19,584.0
2015-03-20,591.0
2015-03-23,594.0
2015-03-24,597.0
2015-03-25,598.0
2015-03-26,598.0
2015-03-27,596.0
2015-03-30,599.0
2015-03-31,602.0
2015-04-01,596.0
2015-04-02,588.0
2015-04-07,583.0
2015-04-08,580.0
2015-04-09,580.0
2015-04-10,580.0
2015-04-13,578.0
2015-04-14,581.0
2015-04-15,586.0
2015-04-16,593.0
2015-04-17,597.0
2015-04-20,598.0
2015-04-21,601.0
2015-04-22,600.0
2015-04-23,599.0
2015-04-24,600.0
2015-04-27,600.0
2015-04-28,601.0
2015-04-29,595.0
2015-04-30,591.0
2015-05-01,587.0
2015-05-05,580.0
2015-05-06,575.0
2015-05-07,573.0
2015-05-08,574.0
2015-05-11,578.0
2015-05-12,589.0
2015-05-13,634.0
2015-05-14,637.0
2015-05-15,634.0
2015-05-18,630.0
2015-05-19,620.0
2015-05-20,606.0
2015-05-21,592.0
2015-05-22,586.0
2015-05-26,584.0
2015-05-27,587.0
2015-05-28,588.0
2015-05-29,589.0
2015-06-01,589.0
2015-06-02,591.0
2015-06-03,598.0
2015-06-04,603.0
2015-06-05,610.0
2015-06-08,610.0
2015-06-09,612.0
2015-06-10,618.0
2015-06-11,629.0
2015-06-12,642.0
2015-06-15,656.0
2015-06-16,681.0
2015-06-17,725.0
2015-06-18,773.0
2015-06-19,779.0
2015-06-22,779.0
2015-06-23,790.0
2015-06-24,829.0
2015-06-25,829.0
2015-06-26,823.0
2015-06-29,813.0
2015-06-30,800.0
2015-07-01,794.0
2015-07-02,794.0
2015-07-03,805.0
2015-07-06,815.0
2015-07-07,830.0
2015-07-08,840.0
2015-07-09,853.0
2015-07-10,874.0
2015-07-13,900.0
2015-07-14,915.0
2015-07-15,951.0
2015-07-16,1009.0
2015-07-17,1048.0
2015-07-20,1067.0
2015-07-21,1113.0
2015-07-22,1118.0
2015-07-23,1102.0
2015-07-24,1086.0
2015-07-27,1090.0
2015-07-28,1094.0
2015-07-29,1104.0
2015-07-30,1100.0
2015-07-31,1131.0
2015-08-03,1151.0
2015-08-04,1200.0
2015-08-05,1222.0
2015-08-06,1201.0
2015-08-07,1200.0
2015-08-10,1197.0
2015-08-11,1162.0
2015-08-12,1093.0
2015-08-13,1046.0
2015-08-14,1055.0
2015-08-17,1063.0
2015-08-18,1046.0
2015-08-19,1031.0
2015-08-20,1014.0
2015-08-21,994.0
2015-08-24,968.0
2015-08-25,942.0
2015-08-26,918.0
2015-08-27,905.0
2015-08-28,903.0
2015-09-01,911.0
2015-09-02,906.0
2015-09-03,891.0
2015-09-04,875.0
2015-09-07,876.0
2015-09-08,873.0
2015-09-09,855.0
2015-09-10,830.0
2015-09-11,818.0
2015-09-14,805.0
2015-09-15,802.0
2015-09-16,814.0
2015-09-17,883.0
2015-09-18,960.0
2015-09-21,978.0
2015-09-22,923.0
2015-09-23,917.0
2015-09-24,922.0
2015-09-25,943.0
2015-09-28,943.0
2015-09-29,926.0
2015-09-30,900.0
2015-10-01,888.0
2015-10-02,889.0
2015-10-05,881.0
2015-10-06,869.0
2015-10-07,841.0
2015-10-08,817.0
2015-10-09,809.0
2015-10-12,809.0
2015-10-13,804.0
2015-10-14,787.0
2015-10-15,766.0
2015-10-16,754.0
2015-10-19,747.0
2015-10-20,762.0
2015-10-21,780.0
2015-10-22,786.0
2015-10-23,774.0
2015-10-26,759.0
2015-10-27,739.0
2015-10-28,736.0
2015-10-29,728.0
2015-10-30,721.0
2015-11-02,706.0
2015-11-03,680.0
2015-11-04,657.0
2015-11-05,640.0
2015-11-06,631.0
2015-11-09,628.0
2015-11-10,622.0
2015-11-11,599.0
2015-11-12,579.0
2015-11-13,560.0
2015-11-16,550.0
2015-11-17,537.0
2015-11-18,519.0
2015-11-19,504.0
2015-11-20,498.0
2015-11-23,516.0
2015-11-24,528.0
2015-11-25,546.0
2015-11-26,562.0
2015-11-27,581.0
2015-11-30,584.0
2015-12-01,598.0
2015-12-02,590.0
2015-12-03,574.0
2015-12-04,563.0
2015-12-07,551.0
2015-12-08,551.0
2015-12-09,546.0
2015-12-10,534.0
2015-12-11,522.0
2015-12-14,508.0
2015-12-15,484.0
2015-12-16,471.0
2015-12-17,471.0
2015-12-18,477.0
2015-12-21,478.0
2015-12-22,474.0
2015-12-23,475.0
2015-12-24,478.0
2016-01-04,473.0
2016-01-05,468.0
2016-01-06,467.0
2016-01-07,445.0
2016-01-08,429.0
2016-01-11,415.0
2016-01-12,402.0
2016-01-13,394.0
2016-01-14,383.0
2016-01-15,373.0
2016-01-18,369.0
2016-01-19,363.0
2016-01-20,358.0
2016-01-21,355.0
2016-01-22,354.0
2016-01-25,354.0
2016-01-26,345.0
2016-01-27,337.0
2016-01-28,325.0
2016-01-29,317.0
2016-02-01,314.0
2016-02-02,310.0
2016-02-03,303.0
2016-02-04,298.0
2016-02-05,297.0
2016-02-08,293.0
2016-02-09,291.0
2016-02-10,290.0
2016-02-11,290.0
2016-02-12,291.0
2016-02-15,295.0
2016-02-16,301.0
2016-02-17,307.0
2016-02-18,313.0
2016-02-19,315.0
2016-02-22,316.0
2016-02-23,318.0
2016-02-24,322.0
2016-02-25,325.0
2016-02-26,327.0
2016-02-29,329.0
2016-03-01,332.0
2016-03-02,335.0
2016-03-03,342.0
2016-03-04,349.0
2016-03-07,354.0
2016-03-08,366.0
2016-03-09,376.0
2016-03-10,384.0
2016-03-11,388.0
2016-03-14,393.0
2016-03-15,396.0
2016-03-16,393.0
2016-03-17,392.0
2016-03-18,395.0
2016-03-21,398.0
2016-03-22,398.0
2016-03-23,401.0
2016-03-24,406.0
2016-03-29,409.0
2016-03-30,414.0
2016-03-31,429.0
2016-04-01,450.0
2016-04-04,471.0
2016-04-05,487.0
2016-04-06,500.0
2016-04-07,517.0
2016-04-08,539.0
2016-04-11,555.0
2016-04-12,560.0
2016-04-13,567.0
2016-04-14,597.0
2016-04-15,635.0
2016-04-18,659.0
2016-04-19,671.0
2016-04-20,669.0
2016-04-21,670.0
2016-04-22,688.0
2016-04-25,690.0
2016-04-26,704.0
2016-04-27,715.0
2016-04-28,710.0
2016-04-29,703.0
2016-05-03,682.0
2016-05-04,652.0
2016-05-05,642.0
2016-05-06,631.0
2016-05-09,616.0
2016-05-10,594.0
2016-05-11,579.0
2016-05-12,579.0
2016-05-13,600.0
2016-05-16,613.0
2016-05-17,643.0
2016-05-18,642.0
2016-05-19,634.0
2016-05-20,625.0
2016-05-23,624.0
2016-05-24,618.0
2016-05-25,605.0
2016-05-26,601.0
2016-05-27,606.0
2016-05-31,612.0
2016-06-01,612.0
2016-06-02,606.0
2016-06-03,610.0
2016-06-06,607.0
2016-06-07,606.0
2016-06-08,610.0
2016-06-09,611.0
2016-06-10,610.0
2016-06-13,609.0
2016-06-14,608.0
2016-06-15,604.0
2016-06-16,598.0
2016-06-17,587.0
2016-06-20,582.0
2016-06-21,580.0
2016-06-22,585.0
2016-06-23,596.0
2016-06-24,609.0
2016-06-27,616.0
2016-06-28,627.0
2016-06-29,640.0
2016-06-30,660.0
2016-07-01,677.0
2016-07-04,688.0
2016-07-05,692.0
2016-07-06,694.0
2016-07-07,699.0
2016-07-08,703.0
2016-07-11,704.0
2016-07-12,711.0
2016-07-13,726.0
2016-07-14,738.0
2016-07-15,745.0
2016-07-18,748.0
2016-07-19,746.0
2016-07-20,736.0
2016-07-21,726.0
2016-07-22,718.0
2016-07-25,709.0
2016-07-26,696.0
2016-07-27,679.0
2016-07-28,665.0
2016-07-29,656.0
2016-08-01,650.0
2016-08-02,645.0
2016-08-03,641.0
2016-08-04,636.0
2016-08-05,636.0
2016-08-08,636.0
2016-08-09,631.0
2016-08-10,638.0
2016-08-11,653.0
2016-08-12,671.0
2016-08-15,681.0
2016-08-16,687.0
2016-08-17,685.0
2016-08-18,682.0
2016-08-19,683.0
2016-08-22,687.0
2016-08-23,692.0
2016-08-24,706.0
2016-08-25,718.0
2016-08-26,720.0
2016-08-30,715.0
2016-08-31,711.0
2016-09-01,712.0
2016-09-02,720.0
2016-09-05,724.0
2016-09-06,745.0
2016-09-07,773.0
2016-09-08,792.0
2016-09-09,804.0
2016-09-12,804.0
2016-09-13,796.0
2016-09-14,756.0
2016-09-15,764.0
2016-09-16,800.0
2016-09-19,836.0
2016-09-20,865.0
2016-09-21,903.0
2016-09-22,937.0
2016-09-23,941.0
2016-09-26,934.0
2016-09-27,930.0
2016-09-28,912.0
2016-09-29,888.0
2016-09-30,875.0
2016-10-03,864.0
2016-10-04,860.0
2016-10-05,869.0
2016-10-06,915.0
2016-10-07,921.0
2016-10-10,922.0
2016-10-11,922.0
2016-10-12,906.0
2016-10-13,885.0
2016-10-14,892.0
2016-10-17,894.0
2016-10-18,890.0
2016-10-19,872.0
2016-10-20,849.0
2016-10-21,842.0
2016-10-24,831.0
2016-10-25,813.0
2016-10-26,802.0
2016-10-27,798.0
2016-10-28,834.0
2016-10-31,857.0
2016-11-01,838.0
2016-11-02,834.0
2016-11-03,849.0
2016-11-04,855.0
2016-11-07,870.0
2016-11-08,911.0
2016-11-09,954.0
2016-11-10,974.0
2016-11-11,1045.0
2016-11-14,1065.0
2016-11-15,1084.0
2016-11-16,1145.0
2016-11-17,1231.0
2016-11-18,1257.0
2016-11-21,1240.0
2016-11-22,1232.0
2016-11-23,1224.0
2016-11-24,1201.0
2016-11-25,1181.0
2016-11-28,1184.0
2016-11-29,1202.0
2016-11-30,1204.0
2016-12-01,1196.0
2016-12-02,1198.0
2016-12-05,1196.0
2016-12-06,1186.0
2016-12-07,1162.0
2016-12-08,1122.0
2016-12-09,1090.0
2016-12-12,1069.0
2016-12-13,1052.0
2016-12-14,1003.0
2016-12-15,966.0
2016-12-16,946.0
2016-12-19,927.0
2016-12-20,914.0
2016-12-21,926.0
2016-12-22,928.0
2016-12-23,961.0
2017-01-03,953.0
2017-01-04,969.0
2017-01-05,983.0
2017-01-06,963.0
2017-01-09,949.0
2017-01-10,926.0
2017-01-11,894.0
2017-01-12,892.0
2017-01-13,910.0
2017-01-16,925.0
2017-01-17,922.0
2017-01-18,952.0
2017-01-19,942.0
2017-01-20,925.0
2017-01-23,914.0
2017-01-24,886.0
2017-01-25,862.0
2017-01-26,840.0
2017-01-27,827.0
2017-01-30,816.0
2017-01-31,800.0
2017-02-01,786.0
2017-02-02,770.0
2017-02-03,752.0
2017-02-06,735.0
2017-02-07,714.0
2017-02-08,702.0
2017-02-09,707.0
2017-02-10,702.0
2017-02-13,688.0
2017-02-14,685.0
2017-02-15,688.0
2017-02-16,710.0
2017-02-17,741.0
2017-02-20,757.0
2017-02-21,778.0
2017-02-22,806.0
2017-02-23,856.0
2017-02-24,875.0
2017-02-27,878.0
2017-02-28,859.0
2017-03-01,871.0
2017-03-02,904.0
2017-03-03,939.0
2017-03-06,979.0
2017-03-07,1033.0
2017-03-08,1045.0
2017-03-09,1064.0
2017-03-10,1086.0
2017-03-13,1099.0
2017-03-14,1112.0
2017-03-15,1147.0
2017-03-16,1172.0
2017-03-17,1196.0
2017-03-20,1205.0
2017-03-21,1200.0
2017-03-22,1190.0
2017-03-23,1196.0
2017-03-24,1240.0
2017-03-27,1282.0
2017-03-28,1333.0
2017-03-29,1338.0
2017-03-30,1324.0
2017-03-31,1297.0
2017-04-03,1282.0
2017-04-04,1255.0
2017-04-05,1223.0
2017-04-06,1215.0
2017-04-07,1223.0
2017-04-10,1231.0
2017-04-11,1262.0
2017-04-12,1282.0
2017-04-13,1296.0
2017-04-18,1294.0
2017-04-19,1278.0
2017-04-20,1243.0
2017-04-21,1195.0
2017-04-24,1170.0
2017-04-25,1154.0
2017-04-26,1147.0
2017-04-27,1134.0
2017-04-28,1109.0
2017-05-02,1073.0
2017-05-03,1034.0
2017-05-04,1004.0
2017-05-05,994.0
2017-05-08,1001.0
2017-05-09,1007.0
2017-05-10,1005.0
2017-05-11,1012.0
2017-05-12,1014.0
2017-05-15,994.0
2017-05-16,980.0
2017-05-17,960.0
2017-05-18,957.0
2017-05-19,956.0
2017-05-22,954.0
2017-05-23,949.0
2017-05-24,934.0
2017-05-25,918.0
2017-05-26,912.0
2017-05-30,900.0
2017-05-31,878.0
2017-06-01,850.0
2017-06-02,830.0
2017-06-05,821.0
2017-06-06,818.0
2017-06-07,821.0
2017-06-08,824.0
2017-06-09,849.0
2017-06-12,870.0
2017-06-13,870.0
2017-06-14,865.0
2017-06-15,855.0
2017-06-16,851.0
2017-06-19,848.0
2017-06-20,847.0
2017-06-21,844.0
2017-06-22,855.0
2017-06-23,870.0
2017-06-26,884.0
2017-06-27,903.0
2017-06-28,929.0
2017-06-29,920.0
2017-06-30,901.0
2017-07-03,882.0
2017-07-04,871.0
2017-07-05,847.0
2017-07-06,829.0
2017-07-07,822.0
2017-07-10,820.0
2017-07-11,830.0
2017-07-12,859.0
2017-07-13,888.0
2017-07-14,900.0
2017-07-17,912.0
2017-07-18,932.0
2017-07-19,948.0
2017-07-20,964.0
2017-07-21,977.0
2017-07-24,977.0
2017-07-25,980.0
2017-07-26,968.0
2017-07-27,942.0
2017-07-28,933.0
2017-07-31,946.0
2017-08-01,965.0
2017-08-02,993.0
2017-08-03,1023.0
2017-08-04,1032.0
2017-08-07,1036.0
2017-08-08,1038.0
2017-08-09,1050.0
2017-08-10,1092.0
2017-08-11,1138.0
2017-08-14,1155.0
2017-08-15,1169.0
2017-08-16,1207.0
2017-08-17,1247.0
2017-08-18,1260.0
2017-08-21,1266.0
2017-08-22,1249.0
2017-08-23,1222.0
2017-08-24,1200.0
2017-08-25,1209.0
2017-08-29,1203.0
2017-08-30,1181.0
2017-08-31,1184.0
2017-09-01,1183.0
2017-09-04,1187.0
2017-09-05,1215.0
2017-09-06,1250.0
2017-09-07,1296.0
2017-09-08,1332.0
2017-09-11,1355.0
2017-09-12,1344.0
2017-09-13,1337.0
2017-09-14,1361.0
2017-09-15,1385.0
2017-09-18,1398.0
2017-09-19,1415.0
2017-09-20,1449.0
2017-09-21,1470.0
2017-09-22,1502.0
2017-09-25,1503.0
2017-09-26,1476.0
2017-09-27,1429.0
2017-09-28,1391.0
2017-09-29,1356.0
2017-10-02,1328.0
2017-10-03,1308.0
2017-10-04,1320.0
2017-10-05,1382.0
2017-10-06,1405.0
2017-10-09,1411.0
2017-10-10,1418.0
2017-10-11,1433.0
2017-10-12,1458.0
2017-10-13,1485.0
2017-10-16,1523.0
2017-10-17,1552.0
2017-10-18,1566.0
2017-10-19,1582.0
2017-10-20,1578.0
2017-10-23,1586.0
2017-10-24,1588.0
2017-10-25,1573.0
2017-10-26,1555.0
2017-10-27,1546.0
2017-10-30,1534.0
2017-10-31,1522.0
2017-11-01,1496.0
2017-11-02,1482.0
2017-11-03,1476.0
2017-11-06,1473.0
2017-11-07,1477.0
2017-11-08,1486.0
2017-11-09,1481.0
2017-11-10,1464.0
2017-11-13,1445.0
2017-11-14,1405.0
2017-11-15,1374.0
2017-11-16,1361.0
2017-11-17,1371.0
2017-11-20,1385.0
2017-11-21,1396.0
2017-11-22,1413.0
2017-11-23,1445.0
2017-11-24,1458.0
2017-11-27,1477.0
2017-11-28,1506.0
2017-11-29,1536.0
2017-11-30,1578.0
2017-12-01,1626.0
2017-12-04,1662.0
2017-12-05,1666.0
2017-12-06,1670.0
2017-12-07,1679.0
2017-12-08,1702.0
2017-12-11,1727.0
2017-12-12,1743.0
2017-12-13,1730.0
2017-12-14,1668.0
2017-12-15,1619.0
2017-12-18,1588.0
2017-12-19,1547.0
2017-12-20,1476.0
2017-12-21,1430.0
2017-12-22,1366.0
2018-01-02,1230.0
2018-01-03,1262.0
2018-01-04,1341.0
2018-01-05,1371.0
2018-01-08,1385.0
2018-01-09,1395.0
2018-01-10,1366.0
2018-01-11,1303.0
2018-01-12,1279.0
2018-01-15,1264.0
2018-01-16,1221.0
2018-01-17,1164.0
2018-01-18,1139.0
2018-01-19,1125.0
2018-01-22,1129.0
2018-01-23,1157.0
2018-01-24,1200.0
2018-01-25,1217.0
2018-01-26,1219.0
2018-01-29,1214.0
2018-01-30,1191.0
2018-01-31,1152.0
2018-02-01,1114.0
2018-02-02,1095.0
2018-02-05,1082.0
2018-02-06,1095.0
2018-02-07,1097.0
2018-02-08,1106.0
2018-02-09,1125.0
2018-02-12,1123.0
2018-02-13,1114.0
2018-02-14,1095.0
2018-02-15,1089.0
2018-02-16,1084.0
2018-02-19,1087.0
2018-02-20,1117.0
2018-02-21,1146.0
2018-02-22,1167.0
2018-02-23,1185.0
2018-02-26,1191.0
2018-02-27,1188.0
2018-02-28,1192.0
2018-03-01,1196.0
2018-03-02,1207.0
2018-03-05,1210.0
2018-03-06,1212.0
2018-03-07,1191.0
2018-03-08,1197.0
2018-03-09,1201.0
2018-03-12,1192.0
2018-03-13,1179.0
2018-03-14,1169.0
2018-03-15,1150.0
2018-03-16,1143.0
2018-03-19,1136.0
2018-03-20,1122.0
2018-03-21,1117.0
2018-03-22,1117.0
2018-03-23,1122.0
2018-03-26,1126.0
2018-03-27,1117.0
2018-03-28,1080.0
2018-03-29,1055.0
2018-04-03,1016.0
2018-04-04,977.0
2018-04-05,953.0
2018-04-06,948.0
2018-04-09,952.0
2018-04-10,974.0
2018-04-11,979.0
2018-04-12,993.0
2018-04-13,1014.0
2018-04-16,1025.0
2018-04-17,1052.0
2018-04-18,1124.0
2018-04-19,1201.0
2018-04-20,1281.0
2018-04-23,1306.0
2018-04-24,1330.0
2018-04-25,1376.0
2018-04-26,1375.0
2018-04-27,1361.0
2018-04-30,1341.0
2018-05-01,1327.0
2018-05-02,1346.0
2018-05-03,1376.0
2018-05-04,1384.0
2018-05-08,1432.0
2018-05-09,1465.0
2018-05-10,1453.0
2018-05-11,1472.0
2018-05-14,1476.0
2018-05-15,1468.0
2018-05-16,1403.0
2018-05-17,1305.0
2018-05-18,1273.0
2018-05-21,1239.0
2018-05-22,1199.0
2018-05-23,1162.0
2018-05-24,1109.0
2018-05-25,1077.0
2018-05-29,1057.0
2018-05-30,1042.0
2018-05-31,1090.0
2018-06-01,1156.0
2018-06-04,1193.0
2018-06-05,1249.0
2018-06-06,1340.0
2018-06-07,1395.0
2018-06-08,1391.0
2018-06-11,1387.0
2018-06-12,1390.0
2018-06-13,1404.0
2018-06-14,1433.0
2018-06-15,1445.0
2018-06-18,1442.0
2018-06-19,1419.0
2018-06-20,1373.0
2018-06-21,1347.0
2018-06-22,1341.0
2018-06-25,1333.0
2018-06-26,1323.0
2018-06-27,1309.0
2018-06-28,1329.0
2018-06-29,1385.0
2018-07-02,1422.0
2018-07-03,1476.0
2018-07-04,1567.0
2018-07-05,1612.0
2018-07-06,1622.0
2018-07-09,1609.0
2018-07-10,1555.0
2018-07-11,1586.0
2018-07-12,1632.0
2018-07-13,1666.0
2018-07-16,1695.0
2018-07-17,1721.0
2018-07-18,1688.0
2018-07-19,1657.0
2018-07-20,1689.0
2018-07-23,1718.0
2018-07-24,1774.0
2018-07-25,1772.0
2018-07-26,1708.0
2018-07-27,1676.0
2018-07-30,1703.0
2018-07-31,1747.0
2018-08-01,1760.0
2018-08-02,1756.0
2018-08-03,1773.0
2018-08-06,1773.0
2018-08-07,1732.0
2018-08-08,1704.0
2018-08-09,1694.0
2018-08-10,1691.0
2018-08-13,1709.0
2018-08-14,1725.0
2018-08-15,1727.0
2018-08-16,1720.0
2018-08-17,1723.0
2018-08-20,1727.0
2018-08-21,1736.0
2018-08-22,1735.0
2018-08-23,1709.0
2018-08-24,1697.0
2018-08-28,1684.0
2018-08-29,1661.0
2018-08-30,1614.0
2018-08-31,1579.0
2018-09-03,1557.0
2018-09-04,1513.0
2018-09-05,1477.0
2018-09-06,1484.0
2018-09-07,1490.0
2018-09-10,1482.0
2018-09-11,1439.0
2018-09-12,1411.0
2018-09-13,1382.0
2018-09-14,1366.0
2018-09-17,1357.0
2018-09-18,1356.0
2018-09-19,1373.0
2018-09-20,1396.0
2018-09-21,1413.0
2018-09-24,1434.0
2018-09-25,1450.0
2018-09-26,1503.0
2018-09-27,1524.0
2018-09-28,1540.0
2018-10-01,1555.0
2018-10-02,1570.0
2018-10-03,1574.0
2018-10-04,1554.0
2018-10-05,1536.0
2018-10-08,1530.0
2018-10-09,1503.0
2018-10-10,1493.0
2018-10-11,1515.0
2018-10-12,1579.0
2018-10-15,1584.0
2018-10-16,1578.0
2018-10-17,1554.0
2018-10-18,1565.0
2018-10-19,1576.0
2018-10-22,1579.0
2018-10-23,1577.0
2018-10-24,1546.0
2018-10-25,1516.0
2018-10-26,1519.0
2018-10-29,1522.0
2018-10-30,1513.0
2018-10-31,1490.0
2018-11-01,1470.0
2018-11-02,1457.0
2018-11-05,1428.0
2018-11-06,1395.0
2018-11-07,1304.0
2018-11-08,1231.0
2018-11-09,1147.0
2018-11-12,1125.0
2018-11-13,1064.0
2018-11-14,1009.0
2018-11-15,1020.0
2018-11-16,1031.0
2018-11-19,1023.0
2018-11-20,1003.0
2018-11-21,1008.0
2018-11-22,1018.0
2018-11-23,1093.0
2018-11-26,1217.0
2018-11-27,1339.0
2018-11-28,1330.0
2018-11-29,1281.0
2018-11-30,1231.0
2018-12-03,1203.0
2018-12-04,1237.0
2018-12-05,1296.0
2018-12-06,1339.0
2018-12-07,1372.0
2018-12-10,1385.0
2018-12-11,1364.0
2018-12-12,1353.0
2018-12-13,1365.0
2018-12-14,1401.0
2018-12-17,1406.0
2018-12-18,1395.0
2018-12-19,1378.0
2018-12-20,1318.0
2018-12-21,1279.0
2018-12-24,1271.0
2019-01-02,1282.0
2019-01-03,1267.0
2019-01-04,1260.0
2019-01-07,1247.0
2019-01-08,1262.0
2019-01-09,1238.0
2019-01-10,1189.0
2019-01-11,1169.0
2019-01-14,1147.0
2019-01-15,1096.0
2019-01-16,1055.0
2019-01-17,1077.0
2019-01-18,1112.0
2019-01-21,1092.0
2019-01-22,1036.0
2019-01-23,982.0
2019-01-24,939.0
2019-01-25,905.0
2019-01-28,852.0
2019-01-29,797.0
2019-01-30,721.0
2019-01-31,668.0
2019-02-01,645.0
2019-02-04,634.0
2019-02-05,629.0
2019-02-06,629.0
2019-02-07,610.0
2019-02-08,601.0
2019-02-11,595.0
2019-02-12,598.0
2019-02-13,608.0
2019-02-14,628.0
2019-02-15,639.0
2019-02-18,643.0
2019-02-19,635.0
2019-02-20,622.0
2019-02-21,630.0
2019-02-22,634.0
2019-02-25,637.0
2019-02-26,649.0
2019-02-27,651.0
2019-02-28,658.0
2019-03-01,664.0
2019-03-04,669.0
2019-03-05,663.0
2019-03-06,664.0
2019-03-07,657.0
2019-03-08,649.0
2019-03-11,645.0
2019-03-12,647.0
2019-03-13,654.0
2019-03-14,677.0
2019-03-15,730.0
2019-03-18,721.0
2019-03-19,712.0
2019-03-20,709.0
2019-03-21,695.0
2019-03-22,690.0
2019-03-25,689.0
2019-03-26,683.0
2019-03-27,690.0
2019-03-28,692.0
2019-03-29,689.0
2019-04-01,685.0
2019-04-02,674.0
2019-04-03,672.0
2019-04-04,699.0
2019-04-05,711.0
2019-04-08,714.0
2019-04-09,725.0
2019-04-10,734.0
2019-04-11,728.0
2019-04-12,726.0
2019-04-15,738.0
2019-04-16,749.0
2019-04-17,767.0
2019-04-18,790.0
2019-04-23,821.0
2019-04-24,850.0
2019-04-25,869.0
2019-04-26,889.0
2019-04-29,913.0
2019-04-30,1011.0
2019-05-01,1031.0
2019-05-02,1032.0
2019-05-03,985.0
2019-05-07,936.0
2019-05-08,940.0
2019-05-09,974.0
2019-05-10,1013.0
2019-05-13,1026.0
2019-05-14,1043.0
2019-05-15,1032.0
2019-05-16,1032.0
2019-05-17,1040.0
2019-05-20,1041.0
2019-05-21,1049.0
2019-05-22,1059.0
2019-05-23,1068.0
2019-05-24,1066.0
2019-05-28,1082.0
2019-05-29,1107.0
2019-05-30,1097.0
2019-05-31,1096.0
2019-06-03,1103.0
2019-06-04,1122.0
2019-06-05,1141.0
2019-06-06,1138.0
2019-06-07,1138.0
2019-06-10,1125.0
2019-06-11,1105.0
2019-06-12,1080.0
2019-06-13,1062.0
2019-06-14,1085.0
2019-06-17,1093.0
2019-06-18,1135.0
2019-06-19,1179.0
2019-06-20,1194.0
2019-06-21,1239.0
2019-06-24,1258.0
2019-06-25,1280.0
2019-06-26,1317.0
2019-06-27,1340.0
2019-06-28,1354.0
2019-07-01,1381.0
2019-07-02,1446.0
2019-07-03,1549.0
2019-07-04,1700.0
2019-07-05,1740.0
2019-07-08,1725.0
2019-07-09,1759.0
2019-07-10,1777.0
2019-07-11,1816.0
2019-07-12,1865.0
2019-07-15,1928.0
2019-07-16,2011.0
2019-07-17,2064.0
2019-07-18,2130.0
2019-07-19,2170.0
2019-07-22,2191.0
2019-07-23,2165.0
2019-07-24,2014.0
2019-07-25,1947.0
2019-07-26,1937.0
2019-07-29,1922.0
2019-07-30,1899.0
2019-07-31,1868.0
2019-08-01,1812.0
2019-08-02,1788.0
2019-08-05,1774.0
2019-08-06,1734.0
2019-08-07,1712.0
2019-08-08,1720.0
2019-08-09,1748.0
2019-08-12,1774.0
2019-08-13,1864.0
2019-08-14,1950.0
2019-08-15,2047.0
2019-08-16,2088.0
2019-08-19,2067.0
2019-08-20,2059.0
2019-08-21,2061.0
2019-08-22,2118.0
2019-08-23,2168.0
2019-08-27,2213.0
2019-08-28,2267.0
2019-08-29,2277.0
2019-08-30,2378.0
2019-09-02,2442.0
2019-09-03,2501.0
2019-09-04,2518.0
2019-09-05,2499.0
2019-09-06,2462.0
2019-09-09,2422.0
2019-09-10,2393.0
2019-09-11,2366.0
2019-09-12,2331.0
2019-09-13,2312.0
2019-09-16,2311.0
2019-09-17,2283.0
2019-09-18,2266.0
2019-09-19,2192.0
2019-09-20,2131.0
2019-09-23,2108.0
2019-09-24,2116.0
2019-09-25,2053.0
2019-09-26,1963.0
2019-09-27,1857.0
2019-09-30,1823.0
2019-10-01,1809.0
2019-10-02,1803.0
2019-10-03,1757.0
2019-10-04,1767.0
2019-10-07,1770.0
2019-10-08,1801.0
2019-10-09,1873.0
2019-10-10,1929.0
2019-10-11,1924.0
2019-10-14,1916.0
2019-10-15,1898.0
2019-10-16,1897.0
2019-10-17,1861.0
2019-10-18,1855.0
2019-10-21,1846.0
2019-10-22,1806.0
2019-10-23,1779.0
2019-10-24,1785.0
2019-10-25,1801.0
2019-10-28,1803.0
2019-10-29,1802.0
2019-10-30,1782.0
2019-10-31,1731.0
2019-11-01,1697.0
2019-11-04,1675.0
2019-11-05,1656.0
2019-11-06,1533.0
2019-11-07,1428.0
2019-11-08,1378.0
2019-11-11,1345.0
2019-11-12,1354.0
2019-11-13,1365.0
2019-11-14,1364.0
2019-11-15,1357.0
2019-11-18,1338.0
2019-11-19,1304.0
2019-11-20,1260.0
2019-11-21,1255.0
2019-11-22,1284.0
2019-11-25,1351.0
2019-11-26,1426.0
2019-11-27,1440.0
2019-11-28,1467.0
2019-11-29,1528.0
2019-12-02,1568.0
2019-12-03,1606.0
2019-12-04,1599.0
2019-12-05,1575.0
2019-12-06,1558.0
2019-12-09,1551.0
2019-12-10,1528.0
2019-12-11,1460.0
2019-12-12,1388.0
2019-12-13,1355.0
2019-12-16,1315.0
2019-12-17,1281.0
2019-12-18,1221.0
2019-12-19,1151.0
2019-12-20,1123.0
2019-12-23,1103.0
2019-12-24,1090.0
2020-01-02,976.0
2020-01-03,907.0
2020-01-06,844.0
2020-01-07,791.0
2020-01-08,773.0
2020-01-09,772.0
2020-01-10,774.0
2020-01-13,765.0
2020-01-14,763.0
2020-01-15,768.0
2020-01-16,768.0
2020-01-17,754.0
2020-01-20,729.0
2020-01-21,689.0
2020-01-22,623.0
2020-01-23,576.0
2020-01-24,557.0
2020-01-27,546.0
2020-01-28,539.0
2020-01-29,525.0
2020-01-30,498.0
2020-01-31,487.0
2020-02-03,466.0
2020-02-04,453.0
2020-02-05,430.0
2020-02-06,431.0
2020-02-07,415.0
2020-02-10,411.0
2020-02-11,418.0
2020-02-12,421.0
2020-02-13,421.0
2020-02-14,425.0
2020-02-17,434.0
2020-02-18,450.0
2020-02-19,465.0
2020-02-20,480.0
2020-02-21,497.0
2020-02-24,506.0
2020-02-25,508.0
2020-02-26,517.0
2020-02-27,529.0
2020-02-28,535.0
2020-03-02,539.0
2020-03-03,549.0
2020-03-04,562.0
2020-03-05,599.0
2020-03-06,617.0
2020-03-09,616.0
2020-03-10,627.0
2020-03-11,631.0
2020-03-12,633.0
2020-03-13,631.0
2020-03-16,623.0
2020-03-17,612.0
2020-03-18,629.0
2020-03-19,630.0
2020-03-20,625.0
2020-03-23,617.0
2020-03-24,603.0
2020-03-25,582.0
2020-03-26,569.0
2020-03-27,556.0
2020-03-30,548.0
2020-03-31,626.0
2020-04-01,624.0
2020-04-02,624.0
2020-04-03,616.0
2020-04-06,604.0
2020-04-07,596.0
2020-04-08,607.0
2020-04-09,635.0
2020-04-14,679.0
2020-04-15,706.0
2020-04-16,726.0
2020-04-17,751.0
2020-04-20,757.0
2020-04-21,728.0
2020-04-22,694.0
2020-04-23,672.0
2020-04-24,665.0
2020-04-27,661.0
2020-04-28,655.0
2020-04-29,643.0
2020-04-30,635.0
2020-05-01,617.0
2020-05-04,598.0
2020-05-05,575.0
2020-05-06,534.0
2020-05-07,514.0
2020-05-11,474.0
2020-05-12,433.0
2020-05-13,398.0
2020-05-14,393.0
2020-05-15,407.0
2020-05-18,427.0
2020-05-19,453.0
2020-05-20,477.0
2020-05-21,494.0
2020-05-22,498.0
2020-05-26,506.0
2020-05-27,502.0
2020-05-28,489.0
2020-05-29,504.0
2020-06-01,520.0
2020-06-02,546.0
2020-06-03,592.0
2020-06-04,632.0
2020-06-05,679.0
2020-06-08,698.0
2020-06-09,714.0
2020-06-10,764.0
2020-06-11,839.0
2020-06-12,923.0
2020-06-15,973.0
2020-06-16,1054.0
2020-06-17,1246.0
2020-06-18,1527.0
2020-06-19,1555.0
2020-06-22,1558.0
2020-06-23,1617.0
2020-06-24,1705.0
2020-06-25,1738.0
2020-06-26,1749.0
2020-06-29,1794.0
2020-06-30,1799.0
2020-07-01,1803.0
2020-07-02,1823.0
2020-07-03,1894.0
2020-07-06,1956.0
2020-07-07,1949.0
2020-07-08,1849.0
2020-07-09,1810.0
2020-07-10,1810.0
2020-07-13,1792.0
2020-07-14,1742.0
2020-07-15,1696.0
2020-07-16,1699.0
2020-07-17,1710.0
2020-07-20,1678.0
2020-07-21,1594.0
2020-07-22,1473.0
2020-07-23,1388.0
2020-07-24,1317.0
2020-07-27,1293.0
2020-07-28,1264.0
2020-07-29,1317.0
2020-07-30,1348.0
2020-07-31,1350.0
2020-08-03,1385.0
2020-08-07,1501.0
2020-08-10,1506.0
2020-08-11,1510.0
2020-08-12,1540.0
2020-08-13,1577.0
2020-08-14,1595.0
2020-08-17,1598.0
2020-08-18,1586.0
2020-08-19,1568.0
2020-08-20,1518.0
2020-08-21,1481.0
2020-08-24,1491.0
2020-08-25,1518.0
2020-08-26,1509.0
2020-08-27,1504.0
2020-08-28,1488.0
2020-09-01,1471.0
2020-09-02,1445.0
2020-09-03,1395.0
2020-09-04,1362.0
2020-09-07,1349.0
2020-09-08,1328.0
2020-09-09,1296.0
2020-09-10,1269.0
2020-09-11,1267.0
2020-09-14,1282.0
2020-09-15,1289.0
2020-09-16,1281.0
2020-09-17,1294.0
2020-09-18,1296.0
2020-09-21,1314.0
2020-09-22,1364.0
2020-09-23,1426.0
2020-09-24,1605.0
2020-09-25,1667.0
2020-09-28,1654.0
2020-09-29,1658.0
2020-09-30,1725.0
2020-10-01,1869.0
2020-10-02,2020.0
2020-10-05,2071.0
2020-10-06,2097.0
2020-10-07,2044.0
2020-10-08,1970.0
2020-10-09,1892.0
2020-10-12,1807.0
2020-10-13,1732.0
2020-10-14,1637.0
2020-10-15,1561.0
2020-10-16,1477.0
2020-10-19,1409.0
2020-10-20,1350.0
2020-10-21,1346.0
2020-10-22,1401.0
2020-10-23,1415.0
2020-10-26,1402.0
2020-10-27,1413.0
2020-10-28,1384.0
2020-10-29,1297.0
2020-10-30,1283.0
2020-11-02,1284.0
2020-11-03,1263.0
2020-11-04,1224.0
2020-11-05,1194.0
2020-11-06,1196.0
2020-11-09,1207.0
2020-11-10,1200.0
2020-11-11,1141.0
2020-11-12,1124.0
2020-11-16,1111.0
2020-11-17,1112.0
2020-11-18,1115.0
2020-11-19,1134.0
2020-11-20,1148.0
2020-11-23,1169.0
2020-11-24,1178.0
2020-11-25,1197.0
2020-11-26,1219.0
2020-11-27,1230.0
2020-11-30,1227.0
2020-12-01,1211.0
2020-12-02,1201.0
2020-12-03,1189.0
2020-12-04,1197.0
2020-12-07,1162.0
2020-12-08,1121.0
2020-12-09,1122.0
2020-12-10,1161.0
2020-12-11,1211.0
2020-12-14,1235.0
2020-12-15,1273.0
2020-12-16,1296.0
2020-12-17,1301.0
2020-12-18,1325.0
2020-12-21,1323.0
2020-12-22,1330.0
2020-12-23,1362.0
2020-12-24,1366.0
2021-01-04,1374.0
2021-01-05,1418.0
2021-01-06,1425.0
2021-01-07,1448.0
2021-01-08,1606.0
2021-01-11,1761.0
2021-01-12,1849.0
2021-01-13,1856.0
2021-01-14,1792.0
2021-01-15,1754.0
2021-01-18,1740.0
2021-01-19,1766.0
2021-01-20,1828.0
2021-01-21,1837.0
2021-01-22,1810.0
2021-01-25,1765.0
2021-01-26,1659.0
2021-01-27,1540.0
2021-01-28,1470.0
2021-01-29,1452.0
2021-02-01,1444.0
2021-02-02,1380.0
2021-02-03,1327.0
2021-02-04,1327.0
2021-02-05,1333.0
2021-02-08,1317.0
2021-02-09,1306.0
2021-02-10,1303.0
2021-02-11,1313.0
2021-02-12,1339.0
2021-02-15,1364.0
2021-02-16,1495.0
2021-02-17,1756.0
2021-02-18,1770.0
2021-02-19,1698.0
2021-02-22,1709.0
2021-02-23,1727.0
2021-02-24,1709.0
2021-02-25,1700.0
2021-02-26,1675.0
2021-03-01,1651.0
2021-03-02,1673.0
2021-03-03,1763.0
2021-03-04,1779.0
2021-03-05,1829.0
2021-03-08,1853.0
2021-03-09,1901.0
2021-03-10,1980.0
2021-03-11,1970.0
2021-03-12,1960.0
2021-03-15,1983.0
2021-03-16,2017.0
2021-03-17,2105.0
2021-03-18,2215.0
2021-03-19,2281.0
2021-03-22,2319.0
2021-03-23,2271.0
2021-03-24,2194.0
2021-03-25,2172.0
2021-03-26,2178.0
2021-03-29,2162.0
2021-03-30,2103.0
2021-03-31,2046.0
2021-04-01,2072.0
2021-04-06,2092.0
2021-04-07,2127.0
2021-04-08,2088.0
2021-04-09,2085.0
2021-04-12,2145.0
2021-04-13,2140.0
2021-04-14,2178.0
2021-04-15,2323.0
2021-04-16,2385.0
2021-04-19,2432.0
2021-04-20,2472.0
2021-04-21,2710.0
2021-04-22,2750.0
2021-04-23,2788.0
2021-04-26,2808.0
2021-04-27,2889.0
2021-04-28,2957.0
2021-04-29,3007.0
2021-04-30,3053.0
2021-05-04,3157.0
2021-05-05,3266.0
2021-05-06,3212.0
2021-05-07,3183.0
2021-05-10,3240.0
2021-05-11,3254.0
2021-05-12,3139.0
2021-05-13,3077.0
2021-05-14,2939.0
2021-05-17,2856.0
2021-05-18,2795.0
2021-05-19,2801.0
2021-05-20,2824.0
2021-05-21,2869.0
2021-05-24,2881.0
2021-05-25,2809.0
2021-05-26,2754.0
2021-05-27,2688.0
2021-05-28,2596.0
2021-06-01,2568.0
2021-06-02,2530.0
2021-06-03,2472.0
2021-06-04,2438.0
2021-06-07,2428.0
2021-06-08,2420.0
2021-06-09,2481.0
2021-06-10,2669.0
2021-06-11,2857.0
2021-06-14,2944.0
2021-06-15,3025.0
2021-06-16,3176.0
2021-06-17,3267.0
2021-06-18,3218.0
2021-06-21,3190.0
2021-06-22,3119.0
2021-06-23,3147.0
2021-06-24,3175.0
2021-06-25,3255.0
2021-06-28,3324.0
2021-06-29,3418.0
2021-06-30,3383.0
2021-07-01,3338.0
2021-07-02,3285.0
2021-07-05,3224.0
2021-07-06,3179.0
2021-07-07,3241.0
2021-07-08,3281.0
2021-07-09,3300.0
2021-07-12,3300.0
2021-07-13,3228.0
2021-07-14,3139.0
2021-07-15,3073.0
2021-07-16,3039.0
2021-07-19,3059.0
2021-07-20,3053.0
2021-07-21,3058.0
2021-07-22,3103.0
2021-07-23,3199.0
2021-07-26,3210.0
2021-07-27,3166.0
2021-07-28,3154.0
2021-07-29,3214.0
2021-07-30,3292.0
2021-08-02,3282.0
2021-08-03,3281.0
2021-08-04,3318.0
2021-08-05,3376.0
2021-08-06,3371.0
2021-08-09,3371.0
2021-08-10,3375.0
2021-08-11,3410.0
2021-08-12,3503.0
2021-08-13,3566.0
2021-08-16,3606.0
2021-08-17,3657.0
2021-08-18,3833.0
2021-08-19,3976.0
2021-08-20,4092.0
2021-08-23,4147.0
2021-08-24,4201.0
2021-08-25,4193.0
2021-08-26,4195.0
2021-08-27,4235.0
2021-08-31,4132.0
2021-09-01,4013.0
2021-09-02,4001.0
2021-09-03,3944.0
2021-09-06,3822.0
2021-09-07,3707.0
2021-09-08,3618.0
2021-09-09,3643.0
2021-09-10,3864.0
2021-09-13,4163.0
2021-09-14,4221.0
2021-09-15,4233.0
2021-09-16,4215.0
2021-09-17,4275.0
2021-09-20,4304.0
2021-09-21,4410.0
2021-09-22,4560.0
2021-09-23,4651.0
2021-09-24,4644.0
2021-09-27,4717.0
2021-09-28,4962.0
2021-09-29,5197.0
2021-09-30,5167.0
2021-10-01,5202.0
2021-10-04,5267.0
2021-10-05,5409.0
2021-10-06,5647.0
2021-10-07,5650.0
2021-10-08,5526.0
2021-10-11,5488.0
2021-10-12,5378.0
2021-10-13,5206.0
2021-10-14,5062.0
2021-10-15,4854.0
2021-10-18,4732.0
2021-10-19,4714.0
2021-10-20,4751.0
2021-10-21,4653.0
2021-10-22,4410.0
2021-10-25,4257.0
2021-10-26,4056.0
2021-10-27,3808.0
2021-10-28,3630.0
2021-10-29,3519.0
2021-11-01,3428.0
2021-11-02,3187.0
2021-11-03,2892.0
2021-11-04,2769.0
2021-11-05,2715.0
2021-11-08,2718.0
2021-11-09,2805.0
2021-11-10,2861.0
2021-11-11,2844.0
2021-11-12,2807.0
2021-11-15,2759.0
2021-11-16,2591.0
2021-11-17,2430.0
2021-11-18,2454.0
2021-11-19,2552.0
2021-11-22,2645.0
2021-11-23,2715.0
2021-11-24,2654.0
2021-11-25,2678.0
2021-11-26,2767.0
2021-11-29,2881.0
2021-11-30,3018.0
2021-12-01,3047.0
2021-12-02,3115.0
2021-12-03,3171.0
2021-12-06,3235.0
2021-12-07,3352.0
2021-12-08,3423.0
2021-12-09,3343.0
2021-12-10,3272.0
2021-12-13,3216.0
2021-12-14,2932.0
2021-12-15,2665.0
2021-12-16,2498.0
2021-12-17,2379.0
2021-12-20,2371.0
2021-12-21,2294.0
2021-12-22,2229.0
2021-12-23,2219.0
2021-12-24,2217.0
2022-01-04,2285.0
2022-01-05,2289.0
2022-01-06,2296.0
2022-01-07,2289.0
2022-01-10,2277.0
2022-01-11,2151.0
2022-01-12,2027.0
2022-01-13,1873.0
2022-01-14,1764.0
2022-01-17,1731.0
2022-01-18,1644.0
2022-01-19,1570.0
2022-01-20,1474.0
2022-01-21,1415.0
2022-01-24,1391.0
2022-01-25,1343.0
2022-01-26,1296.0
2022-01-27,1302.0
2022-01-28,1381.0
2022-01-31,1418.0
2022-02-01,1440.0
2022-02-02,1419.0
2022-02-03,1425.0
2022-02-04,1423.0
2022-02-07,1422.0
2022-02-08,1503.0
2022-02-09,1711.0
2022-02-10,1940.0
2022-02-11,1977.0
2022-02-14,1984.0
2022-02-15,1968.0
2022-02-16,1896.0
2022-02-17,1886.0
2022-02-18,1964.0
2022-02-21,2045.0
2022-02-22,2148.0
2022-02-23,2244.0
2022-02-24,2187.0
2022-02-25,2076.0
2022-02-28,2040.0
2022-03-01,2069.0
2022-03-02,2137.0
2022-03-03,2104.0
2022-03-04,2148.0
2022-03-07,2235.0
2022-03-08,2352.0
2022-03-09,2558.0
2022-03-10,2704.0
2022-03-11,2718.0
2022-03-14,2727.0
2022-03-15,2689.0
2022-03-16,2591.0
2022-03-17,2588.0
2022-03-18,2605.0
2022-03-21,2589.0
2022-03-22,2546.0
2022-03-23,2575.0
2022-03-24,2567.0
2022-03-25,2544.0
2022-03-28,2484.0
2022-03-29,2417.0
2022-03-30,2369.0
2022-03-31,2358.0
2022-04-01,2357.0
2022-04-04,2307.0
2022-04-05,2213.0
2022-04-06,2128.0
2022-04-07,2061.0
2022-04-08,2055.0
2022-04-11,2031.0
2022-04-12,2035.0
2022-04-13,2068.0
2022-04-14,2137.0
2022-04-19,2115.0
2022-04-20,2142.0
2022-04-21,2239.0
2022-04-22,2307.0
2022-04-25,2356.0
2022-04-26,2404.0
2022-04-27,2425.0
2022-04-28,2403.0
2022-04-29,2404.0
2022-05-03,2412.0
2022-05-04,2485.0
2022-05-05,2644.0
2022-05-06,2718.0
2022-05-09,2831.0
2022-05-10,2939.0
2022-05-11,3052.0
2022-05-12,3117.0
2022-05-13,3104.0
2022-05-16,3085.0
2022-05-17,3095.0
2022-05-18,3189.0
2022-05-19,3289.0
2022-05-20,3344.0
2022-05-23,3369.0
2022-05-24,3253.0
2022-05-25,3127.0
2022-05-26,2933.0
2022-05-27,2681.0
2022-05-30,2571.0
2022-05-31,2566.0
2022-06-01,2633.0
2022-06-06,2560.0
2022-06-07,2514.0
2022-06-08,2410.0
2022-06-09,2342.0
2022-06-10,2320.0
2022-06-13,2260.0
2022-06-14,2284.0
2022-06-15,2387.0
2022-06-16,2462.0
2022-06-17,2578.0
2022-06-20,2596.0
2022-06-21,2484.0
2022-06-22,2349.0
2022-06-23,2354.0
2022-06-24,2331.0
2022-06-27,2295.0
2022-06-28,2204.0
2022-06-29,2186.0
2022-06-30,2240.0
2022-07-01,2214.0
2022-07-04,2159.0
2022-07-05,2098.0
2022-07-06,2043.0
2022-07-07,2073.0
2022-07-08,2067.0
2022-07-11,2081.0
2022-07-12,2013.0
2022-07-13,2002.0
2022-07-14,2010.0
2022-07-15,2150.0
2022-07-18,2162.0
2022-07-19,2145.0
2022-07-20,2113.0
2022-07-21,2118.0
2022-07-22,2146.0
2022-07-25,2114.0
2022-07-26,2061.0
2022-07-27,2007.0
2022-07-28,1945.0
2022-07-29,1895.0
2022-08-01,1872.0
2022-08-02,1817.0
2022-08-03,1731.0
2022-08-04,1603.0
2022-08-05,1560.0
2022-08-08,1566.0
2022-08-09,1564.0
2022-08-10,1592.0
2022-08-11,1556.0
2022-08-12,1477.0
2022-08-15,1404.0
2022-08-16,1387.0
2022-08-17,1394.0
2022-08-18,1320.0
2022-08-19,1279.0
2022-08-22,1270.0
2022-08-23,1271.0
2022-08-24,1213.0
2022-08-25,1123.0
2022-08-26,1082.0
2022-08-30,1017.0
2022-08-31,965.0
2022-09-01,1002.0
2022-09-02,1086.0
2022-09-05,1133.0
2022-09-06,1114.0
2022-09-07,1133.0
2022-09-08,1178.0
2022-09-09,1213.0
2022-09-12,1256.0
2022-09-13,1408.0
2022-09-14,1595.0
2022-09-15,1612.0
2022-09-16,1553.0
2022-09-20,1729.0
2022-09-21,1746.0
2022-09-22,1720.0
2022-09-23,1816.0
2022-09-26,1813.0
2022-09-27,1807.0
2022-09-28,1799.0
2022-09-29,1757.0
2022-09-30,1760.0
2022-10-03,1788.0
2022-10-04,1865.0
2022-10-05,1996.0
2022-10-06,1992.0
2022-10-07,1961.0
2022-10-10,1944.0
2022-10-11,1904.0
2022-10-12,1873.0
2022-10-13,1818.0
2022-10-14,1838.0
2022-10-17,1843.0
2022-10-18,1875.0
2022-10-19,1871.0
2022-10-20,1837.0
2022-10-21,1819.0
2022-10-24,1797.0
2022-10-25,1755.0
2022-10-26,1706.0
2022-10-27,1612.0
2022-10-28,1534.0
2022-10-31,1463.0
2022-11-01,1377.0
2022-11-02,1321.0
2022-11-03,1290.0
2022-11-04,1323.0
2022-11-07,1337.0
2022-11-08,1356.0
2022-11-09,1393.0
2022-11-10,1390.0
2022-11-11,1355.0
2022-11-14,1325.0
2022-11-15,1300.0
2022-11-16,1288.0
2022-11-17,1228.0
2022-11-18,1189.0
2022-11-21,1177.0
2022-11-22,1149.0
2022-11-23,1184.0
2022-11-24,1242.0
2022-11-25,1324.0
2022-11-28,1347.0
2022-11-29,1327.0
2022-11-30,1355.0
2022-12-01,1338.0
2022-12-02,1324.0
2022-12-05,1323.0
2022-12-06,1340.0
2022-12-07,1373.0
2022-12-08,1385.0
2022-12-09,1386.0
2022-12-12,1361.0
2022-12-13,1357.0
2022-12-14,1401.0
2022-12-15,1528.0
2022-12-16,1560.0
2022-12-19,1548.0
2022-12-20,1596.0
2022-12-21,1723.0
2022-12-22,1650.0
2022-12-23,1515.0
2023-01-03,1250.0
2023-01-04,1176.0
2023-01-05,1146.0
2023-01-06,1130.0
2023-01-09,1139.0
2023-01-10,1096.0
2023-01-11,1043.0
2023-01-12,976.0
2023-01-13,946.0
2023-01-16,946.0
2023-01-17,921.0
2023-01-18,874.0
2023-01-19,801.0
2023-01-20,763.0
2023-01-23,740.0
2023-01-24,721.0
2023-01-25,703.0
2023-01-26,677.0
2023-01-27,676.0
2023-01-30,680.0
2023-01-31,681.0
2023-02-01,668.0
2023-02-02,640.0
2023-02-03,621.0
2023-02-06,608.0
2023-02-07,601.0
2023-02-08,603.0
2023-02-09,592.0
2023-02-10,602.0
2023-02-13,616.0
2023-02-14,563.0
2023-02-15,541.0
2023-02-16,530.0
2023-02-17,538.0
2023-02-20,552.0
2023-02-21,594.0
2023-02-22,674.0
2023-02-23,816.0
2023-02-24,883.0
2023-02-27,935.0
2023-02-28,990.0
2023-03-01,1099.0
2023-03-02,1145.0
2023-03-03,1211.0
2023-03-06,1258.0
2023-03-07,1298.0
2023-03-08,1327.0
2023-03-09,1379.0
2023-03-10,1424.0
2023-03-13,1465.0
2023-03-14,1587.0
2023-03-15,1603.0
2023-03-16,1560.0
2023-03-17,1535.0
2023-03-20,1542.0
2023-03-21,1512.0
2023-03-22,1456.0
2023-03-23,1484.0
2023-03-24,1489.0
2023-03-27,1456.0
2023-03-28,1402.0
2023-03-29,1407.0
2023-03-30,1403.0
2023-03-31,1389.0
2023-04-03,1412.0
2023-04-04,1473.0
2023-04-05,1525.0
2023-04-06,1560.0
2023-04-11,1507.0
2023-04-12,1463.0
2023-04-13,1463.0
2023-04-14,1435.0
2023-04-17,1412.0
2023-04-18,1368.0
2023-04-19,1372.0
2023-04-20,1432.0
2023-04-21,1504.0
2023-04-24,1517.0
2023-04-25,1510.0
2023-04-26,1536.0
2023-04-27,1581.0
2023-04-28,1576.0
2023-05-02,1552.0
2023-05-03,1558.0
2023-05-04,1545.0
2023-05-05,1558.0
2023-05-09,1598.0
2023-05-10,1640.0
2023-05-11,1608.0
2023-05-12,1558.0
2023-05-15,1522.0
2023-05-16,1476.0
2023-05-17,1425.0
2023-05-18,1402.0
2023-05-19,1384.0
2023-05-22,1365.0
2023-05-23,1348.0
2023-05-24,1295.0
2023-05-25,1215.0
2023-05-26,1172.0
2023-05-30,1123.0
2023-05-31,977.0
2023-06-01,937.0
2023-06-02,919.0
2023-06-05,939.0
2023-06-06,1016.0
2023-06-07,1020.0
2023-06-08,1040.0
2023-06-09,1055.0
2023-06-12,1056.0
2023-06-13,1074.0
2023-06-14,1079.0
2023-06-15,1094.0
2023-06-16,1076.0
2023-06-19,1065.0
2023-06-20,1078.0
2023-06-21,1138.0
2023-06-22,1216.0
2023-06-23,1240.0
2023-06-26,1233.0
2023-06-27,1183.0
2023-06-28,1138.0
2023-06-29,1112.0
2023-06-30,1091.0
2023-07-03,1068.0
2023-07-04,1044.0
2023-07-05,994.0
2023-07-06,993.0
2023-07-07,1009.0
2023-07-10,1024.0
2023-07-11,1032.0
2023-07-12,1088.0
2023-07-13,1103.0
2023-07-14,1090.0
2023-07-17,1073.0
2023-07-18,1037.0
2023-07-19,1004.0
2023-07-20,977.0
2023-07-21,978.0
2023-07-24,967.0
2023-07-25,962.0
2023-07-26,1067.0
2023-07-27,1097.0
2023-07-28,1110.0
2023-07-31,1127.0
2023-08-01,1150.0
2023-08-02,1123.0
2023-08-03,1128.0
2023-08-04,1136.0
2023-08-07,1145.0
2023-08-08,1142.0
2023-08-09,1144.0
2023-08-10,1137.0
2023-08-11,1129.0
2023-08-14,1135.0
2023-08-15,1166.0
2023-08-16,1233.0
2023-08-17,1247.0
2023-08-18,1237.0
2023-08-21,1223.0
2023-08-22,1194.0
2023-08-23,1151.0
2023-08-24,1110.0
2023-08-25,1080.0
2023-08-29,1107.0
2023-08-30,1094.0
2023-08-31,1086.0
2023-09-01,1065.0
2023-09-04,1083.0
2023-09-05,1063.0
2023-09-06,1081.0
2023-09-07,1141.0
2023-09-08,1186.0
2023-09-11,1209.0
2023-09-12,1235.0
2023-09-13,1290.0
2023-09-14,1340.0
2023-09-15,1381.0
2023-09-18,1439.0
2023-09-19,1526.0
2023-09-20,1584.0
2023-09-21,1569.0
2023-09-22,1593.0
2023-09-25,1614.0
2023-09-26,1694.0
2023-09-27,1752.0
2023-09-28,1716.0
2023-09-29,1701.0
2023-10-02,1737.0
2023-10-03,1780.0
2023-10-04,1778.0
2023-10-05,1827.0
2023-10-06,1929.0
2023-10-09,1991.0
2023-10-10,1983.0
2023-10-11,1948.0
2023-10-12,1935.0
2023-10-13,1945.0
2023-10-16,1972.0
2023-10-17,2058.0
2023-10-18,2105.0
2023-10-19,2071.0
2023-10-20,2046.0
2023-10-23,2017.0
2023-10-24,1949.0
2023-10-25,1832.0
2023-10-26,1662.0
2023-10-27,1563.0
2023-10-30,1502.0
2023-10-31,1459.0
2023-11-01,1401.0
2023-11-02,1385.0
2023-11-03,1462.0
2023-11-06,1523.0
2023-11-07,1559.0
2023-11-08,1530.0
2023-11-09,1598.0
2023-11-10,1643.0
2023-11-13,1655.0
2023-11-14,1662.0
2023-11-15,1688.0
2023-11-16,1758.0
2023-11-17,1820.0
2023-11-20,1817.0
2023-11-21,1796.0
2023-11-22,1755.0
2023-11-23,1855.0
2023-11-24,2102.0
2023-11-27,2259.0
2023-11-28,2391.0
2023-11-29,2696.0
2023-11-30,2937.0
2023-12-01,3192.0
2023-12-04,3346.0
2023-12-05,3143.0
2023-12-06,2848.0
2023-12-07,2495.0
2023-12-08,2483.0
2023-12-11,2509.0
2023-12-12,2551.0
2023-12-13,2438.0
2023-12-14,2411.0
2023-12-15,2348.0
2023-12-18,2288.0
2023-12-19,2219.0
2023-12-20,2150.0
2023-12-21,2087.0
2023-12-22,2094.0
2024-01-02,2093.0
2024-01-03,2091.0
2024-01-04,2086.0
2024-01-05,2110.0
2024-01-08,2022.0
2024-01-09,1875.0
2024-01-10,1664.0
2024-01-11,1554.0
2024-01-12,1460.0
2024-01-15,1360.0
2024-01-16,1324.0
2024-01-17,1308.0
2024-01-18,1357.0
2024-01-19,1503.0
2024-01-22,1518.0
2024-01-23,1473.0
2024-01-24,1507.0
2024-01-25,1499.0
2024-01-26,1518.0
2024-01-29,1460.0
2024-01-30,1397.0
2024-01-31,1398.0
2024-02-01,1388.0
2024-02-02,1407.0
2024-02-05,1436.0
2024-02-06,1516.0
2024-02-07,1487.0
2024-02-08,1473.0
2024-02-09,1545.0
2024-02-12,1572.0
2024-02-13,1585.0
2024-02-14,1582.0
2024-02-15,1581.0
2024-02-16,1610.0
2024-02-19,1629.0
2024-02-20,1632.0
2024-02-21,1676.0
2024-02-22,1752.0
2024-02-23,1866.0
2024-02-26,1871.0
2024-02-27,1899.0
2024-02-28,2041.0
2024-02-29,2111.0
2024-03-01,2203.0
2024-03-04,2297.0
2024-03-05,2291.0
2024-03-06,2176.0
2024-03-07,2251.0
2024-03-08,2345.0
2024-03-11,2377.0
2024-03-12,2315.0
2024-03-13,2370.0
2024-03-14,2350.0
2024-03-15,2374.0
2024-03-18,2419.0
2024-03-19,2392.0
2024-03-20,2284.0
2024-03-21,2240.0
2024-03-22,2196.0
2024-03-25,2123.0
2024-03-26,1989.0
2024-03-27,1845.0
2024-03-28,1821.0
2024-04-02,1714.0
2024-04-03,1711.0
2024-04-04,1669.0
2024-04-05,1628.0
2024-04-08,1594.0
2024-04-09,1570.0
2024-04-10,1587.0
2024-04-11,1690.0
2024-04-12,1729.0
2024-04-15,1730.0
2024-04-16,1779.0
2024-04-17,1844.0
2024-04-18,1901.0
2024-04-19,1919.0
2024-04-22,1882.0
2024-04-23,1804.0
2024-04-24,1774.0
2024-04-25,1743.0
2024-04-26,1721.0
2024-04-29,1684.0
2024-04-30,1685.0
2024-05-01,1688.0
2024-05-02,1774.0
2024-05-03,1876.0
2024-05-07,2083.0
2024-05-08,2203.0
2024-05-09,2166.0
2024-05-10,2129.0
2024-05-13,2066.0
2024-05-14,1993.0
2024-05-15,1889.0
2024-05-16,1817.0
2024-05-17,1844.0
2024-05-20,1847.0
2024-05-21,1829.0
2024-05-22,1804.0
2024-05-23,1796.0
2024-05-24,1797.0
2024-05-28,1784.0
2024-05-29,1790.0
2024-05-30,1801.0
2024-05-31,1815.0
2024-06-03,1808.0
2024-06-04,1813.0
2024-06-05,1852.0
2024-06-06,1869.0
2024-06-07,1881.0
2024-06-10,1883.0
2024-06-11,1831.0
2024-06-12,1836.0
2024-06-13,1942.0
2024-06-14,1948.0
2024-06-17,1948.0
2024-06-18,1961.0
2024-06-19,1943.0
2024-06-20,1984.0
2024-06-21,1997.0
2024-06-24,1973.0
2024-06-25,1926.0
2024-06-26,1964.0
2024-06-27,2031.0
2024-06-28,2050.0
2024-07-01,2158.0
2024-07-02,2179.0
2024-07-03,2064.0
2024-07-04,2021.0
2024-07-05,1966.0
2024-07-08,1940.0
2024-07-09,1894.0
2024-07-10,1939.0
2024-07-11,1947.0
2024-07-12,1997.0
2024-07-15,1993.0
2024-07-16,1942.0
2024-07-17,1890.0
2024-07-18,1912.0
2024-07-19,1902.0
2024-07-22,1896.0
2024-07-23,1869.0
2024-07-24,1864.0
2024-07-25,1834.0
2024-07-26,1808.0
2024-07-29,1797.0
2024-07-30,1762.0
2024-07-31,1708.0
2024-08-01,1668.0
2024-08-02,1675.0
2024-08-05,1677.0
2024-08-06,1685.0
2024-08-07,1698.0
2024-08-08,1683.0
2024-08-09,1670.0
2024-08-12,1655.0
2024-08-13,1670.0
2024-08-14,1728.0
2024-08-15,1692.0
2024-08-16,1691.0
2024-08-19,1708.0
2024-08-20,1735.0
2024-08-21,1759.0
2024-08-22,1768.0
2024-08-23,1762.0
2024-08-27,1721.0
2024-08-28,1755.0
2024-08-29,1827.0
2024-08-30,1814.0
2024-09-02,1919.0
2024-09-03,1947.0
2024-09-04,1902.0
2024-09-05,1919.0
2024-09-06,1941.0
2024-09-09,1958.0
2024-09-10,1941.0
2024-09-11,1963.0
2024-09-12,1927.0
2024-09-13,1890.0
2024-09-16,1896.0
2024-09-17,1901.0
2024-09-18,1890.0
2024-09-19,1976.0
2024-09-20,1977.0
2024-09-23,1999.0
2024-09-24,2014.0
2024-09-25,2016.0
2024-09-26,2091.0
2024-09-27,2110.0
2024-09-30,2084.0
2024-10-01,2030.0
2024-10-02,1978.0
2024-10-03,1941.0
2024-10-04,1928.0
2024-10-07,1907.0
2024-10-08,1860.0
2024-10-09,1799.0
2024-10-10,1790.0
2024-10-11,1809.0
2024-10-14,1814.0
2024-10-15,1766.0
2024-10-16,1676.0
2024-10-17,1594.0
2024-10-18,1576.0
2024-10-21,1546.0
2024-10-22,1480.0
2024-10-23,1445.0
2024-10-24,1417.0
2024-10-25,1410.0
2024-10-28,1382.0
2024-10-29,1402.0
2024-10-30,1395.0
2024-10-31,1388.0
2024-11-01,1378.0
2024-11-04,1374.0
2024-11-05,1405.0
2024-11-06,1427.0
2024-11-07,1451.0
2024-11-08,1495.0
2024-11-11,1558.0
2024-11-12,1634.0
2024-11-13,1630.0
2024-11-14,1692.0
2024-11-15,1785.0
2024-11-18,1756.0
2024-11-19,1627.0
2024-11-20,1616.0
2024-11-21,1576.0
2024-11-22,1537.0
2024-11-25,1529.0
2024-11-26,1581.0
2024-11-27,1509.0
2024-11-28,1419.0
2024-11-29,1354.0
2024-12-02,1298.0
2024-12-03,1237.0
2024-12-04,1180.0
2024-12-05,1160.0
2024-12-06,1167.0
2024-12-09,1168.0
2024-12-10,1156.0
2024-12-11,1106.0
2024-12-12,1055.0
2024-12-13,1051.0
2024-12-16,1071.0
2024-12-17,1053.0
2024-12-18,1028.0
2024-12-19,976.0
2024-12-20,990.0
2024-12-23,994.0
2024-12-24,997.0
2025-01-02,1029.0
2025-01-03,1072.0
2025-01-06,1043.0
2025-01-07,1015.0
2025-01-08,966.0
2025-01-09,969.0
2025-01-10,1048.0
2025-01-13,1093.0
2025-01-14,1080.0
2025-01-15,1063.0
2025-01-16,1023.0
2025-01-17,987.0
2025-01-20,957.0
2025-01-21,928.0
2025-01-22,893.0
2025-01-23,824.0
2025-01-24,778.0
2025-01-27,761.0
2025-01-28,746.0
2025-01-29,726.0
2025-01-30,715.0
2025-01-31,735.0
2025-02-03,738.0
2025-02-04,753.0
2025-02-05,771.0
2025-02-06,793.0
2025-02-07,815.0
2025-02-10,809.0
2025-02-11,801.0
2025-02-12,776.0
2025-02-13,780.0
2025-02-14,792.0
2025-02-17,806.0
2025-02-18,841.0
2025-02-19,904.0
2025-02-20,941.0
2025-02-21,981.0
2025-02-24,1002.0
2025-02-25,1039.0
2025-02-26,1112.0
2025-02-27,1159.0
2025-02-28,1229.0
2025-03-03,1276.0
2025-03-04,1262.0
2025-03-05,1228.0
2025-03-06,1286.0
2025-03-07,1400.0
2025-03-10,1424.0
2025-03-11,1436.0
2025-03-12,1559.0
2025-03-13,1650.0
2025-03-14,1669.0
2025-03-17,1658.0
2025-03-18,1650.0
2025-03-19,1637.0
2025-03-20,1635.0
2025-03-21,1643.0
2025-03-24,1652.0
2025-03-25,1642.0
2025-03-26,1634.0
2025-03-27,1621.0
2025-03-28,1602.0
2025-03-31,1598.0
2025-04-01,1587.0
2025-04-02,1583.0
2025-04-03,1540.0
2025-04-04,1489.0
2025-04-07,1401.0
2025-04-08,1342.0
2025-04-09,1259.0
2025-04-10,1269.0
2025-04-11,1274.0
2025-04-14,1282.0
2025-04-15,1263.0
2025-04-16,1241.0
2025-04-17,1261.0
2025-04-22,1261.0
2025-04-23,1300.0
2025-04-24,1353.0
2025-04-25,1373.0
2025-04-28,1403.0
2025-04-29,1398.0
2025-04-30,1386.0
2025-05-01,1411.0
2025-05-02,1421.0
2025-05-06,1406.0
2025-05-07,1374.0
2025-05-08,1316.0
2025-05-09,1299.0
2025-05-12,1304.0
2025-05-13,1280.0
2025-05-14,1267.0
2025-05-15,1305.0
2025-05-16,1388.0
2025-05-19,1347.0
2025-05-20,1340.0
2025-05-21,1337.0
2025-05-22,1341.0
2025-05-23,1340.0
2025-05-27,1296.0
2025-05-28,1303.0
2025-05-29,1353.0
2025-05-30,1418.0
2025-06-02,1422.0
2025-06-03,1430.0
2025-06-04,1489.0
2025-06-05,1626.0
2025-06-06,1633.0
2025-06-09,1691.0
2025-06-10,1680.0
2025-06-11,1738.0
2025-06-12,1904.0
2025-06-13,1968.0
2025-06-16,1975.0
2025-06-17,1952.0
2025-06-18,1874.0
2025-06-19,1751.0
2025-06-20,1689.0
2025-06-23,1674.0
2025-06-24,1681.0
2025-06-25,1665.0
2025-06-26,1553.0
2025-06-27,1521.0
2025-06-30,1489.0
2025-07-01,1458.0
2025-07-02,1443.0
2025-07-03,1434.0
2025-07-04,1436.0
2025-07-07,1436.0
2025-07-08,1431.0
2025-07-09,1423.0
2025-07-10,1465.0
2025-07-11,1663.0
2025-07-14,1783.0
2025-07-15,1866.0
2025-07-16,1906.0
2025-07-17,2030.0
2025-07-18,2052.0
2025-07-21,2016.0
2025-07-22,2035.0
2025-07-23,2120.0
2025-07-24,2258.0
2025-07-25,2257.0
2025-07-28,2226.0
2025-07-29,2109.0
2025-07-30,1995.0
2025-07-31,2003.0
2025-08-01,2018.0
2025-08-04,1970.0
2025-08-05,1921.0
2025-08-06,1994.0
2025-08-07,2008.0
2025-08-08,2051.0
2025-08-11,2038.0
2025-08-12,2017.0
2025-08-13,2025.0
2025-08-14,2039.0
2025-08-15,2044.0
2025-08-18,2022.0
2025-08-19,1964.0
2025-08-20,1927.0
2025-08-21,1893.0
2025-08-22,1944.0
2025-08-26,2041.0
2025-08-27,2046.0
2025-08-28,2017.0
2025-08-29,2025.0
2025-09-01,2024.0
2025-09-02,1986.0
2025-09-03,1940.0
2025-09-04,1963.0
2025-09-05,1979.0
2025-09-08,2019.0
2025-09-09,2079.0
2025-09-10,2112.0
2025-09-11,2111.0
2025-09-12,2126.0
2025-09-15,2153.0
2025-09-16,2154.0
2025-09-17,2180.0
2025-09-18,2205.0
2025-09-19,2203.0
2025-09-22,2172.0
2025-09-23,2200.0
2025-09-24,2240.0
2025-09-25,2266.0
2025-09-26,2259.0
2025-09-29,2220.0
2025-09-30,2134.0
2025-10-01,1980.0
2025-10-02,1909.0
2025-10-03,1901.0
2025-10-06,1932.0
2025-10-07,1947.0
2025-10-08,1963.0
2025-10-09,1923.0
2025-10-10,1936.0
2025-10-13,2144.0
2025-10-14,2022.0
2025-10-15,1997.0
2025-10-16,2046.0
2025-10-17,2069.0
2025-10-20,2071.0
2025-10-21,2094.0
2025-10-23,2057.0
2025-10-24,1991.0
2025-10-27,1976.0
2025-10-28,1950.0
2025-10-29,1961.0
2025-10-30,1983.0
2025-10-31,1966.0
2025-11-03,1945.0
2025-11-04,1958.0
2025-11-05,2003.0
2025-11-06,2063.0
2025-11-07,2104.0
2025-11-10,2084.0
2025-11-11,2072.0
2025-11-12,2030.0
2025-11-13,2077.0
2025-11-14,2125.0
2025-11-17,2153.0
2025-11-18,2216.0
2025-11-19,2260.0
2025-11-20,2270.0
2025-11-21,2275.0
2025-11-24,2295.0
2025-11-25,2309.0
2025-11-26,2401.0
2025-11-27,2480.0
2025-11-28,2560.0
2025-12-01,2583.0
2025-12-02,2600.0
2025-12-03,2845.0
2025-12-04,2814.0
2025-12-05,2727.0
2025-12-08,2694.0
2025-12-09,2557.0
2025-12-10,2430.0
2025-12-11,2294.0
2025-12-12,2205.0
2025-12-15,2193.0
2025-12-16,2204.0
2025-12-17,2121.0
2025-12-18,2071.0
2025-12-19,2023.0
2025-12-22,1979.0
2025-12-23,1889.0
2025-12-24,1877.0
2026-01-02,1882.0
2026-01-05,1851.0
2026-01-06,1830.0
2026-01-07,1776.0
2026-01-08,1718.0
2026-01-09,1688.0
2026-01-12,1659.0
2026-01-13,1608.0
2026-01-14,1566.0
2026-01-15,1532.0
2026-01-16,1567.0
2026-01-19,1650.0
2026-01-20,1729.0
2026-01-21,1803.0
2026-01-22,1761.0
2026-01-23,1762.0
2026-01-26,1780.0
2026-01-27,1999.0
2026-01-28,2016.0
2026-01-29,2002.0
2026-01-30,2148.0
2026-02-02,2124.0
2026-02-03,2028.0
2026-02-04,1955.0
2026-02-05,1936.0
2026-02-06,1923.0
2026-02-09,1895.0
2026-02-10,1882.0
2026-02-11,1958.0
2026-02-12,2095.0
2026-02-13,2083.0
2026-02-16,2100.0
2026-02-17,2095.0
2026-02-18,2063.0
2026-02-19,2019.0
2026-02-20,2043.0
2026-02-23,2112.0
2026-02-24,2129.0
2026-02-25,2121.0
2026-02-26,2117.0
2026-02-27,2140.0
2026-03-02,2187.0
2026-03-03,2242.0
2026-03-04,2233.0
2026-03-05,2138.0
2026-03-06,2010.0
2026-03-09,2066.0
2026-03-10,1919.0
2026-03-11,1926.0
2026-03-12,1972.0
2026-03-13,2028.0
2026-03-16,2038.0
2026-03-17,2024.0
2026-03-18,2064.0
2026-03-19,2057.0
2026-03-20,2056.0
2026-03-23,2037.0
2026-03-24,1989.0
2026-03-25,2001.0
2026-03-26,2014.0
2026-03-27,2031.0
2026-03-30,2017.0
2026-03-31,1995.0
2026-04-01,2030.0
2026-04-02,2066.0
2026-04-07,2095.0
2026-04-08,2139.0
2026-04-09,2161.0
2026-04-10,2201.0
2026-04-13,2250.0
2026-04-14,2354.0
2026-04-15,2484.0
2026-04-16,2523.0
2026-04-17,2567.0
2026-04-20,2633.0
2026-04-21,2640.0
2026-04-22,2675.0
2026-04-23,2673.0
2026-04-24,2665.0
2026-04-27,2666.0
2026-04-28,2677.0
2026-04-29,2670.0
2026-04-30,2686.0
2026-05-01,2730.0
2026-05-05,2832.0
2026-05-06,2991.0
2026-05-07,3034.0
2026-05-08,2978.0
2026-05-11,3001.0
2026-05-12,3063.0
2026-05-13,3189.0
2026-05-14,3195.0
2026-05-15,3151.0
2026-05-18,3092.0
2026-05-19,3054.0
2026-05-20,3005.0
2026-05-21,2964.0
2026-05-22,2991.0
2026-05-26,3085.0
2026-05-27,3124.0
2026-05-28,3226.0
2026-05-29,3224.0
2026-06-01,3222.0
2026-06-02,3205.0
2026-06-03,3124.0
2026-06-04,3037.0
2026-06-05,2981.0
2026-06-08,2916.0
2026-06-09,2818.0
2026-06-15,2720.0
2026-06-16,2670.0
2026-06-17,2653.0
2026-06-18,2659.0
2026-06-19,2722.0
2026-06-22,2684.0
2026-06-23,2667.0
2026-06-24,2634.0
2026-06-25,2591.0
2026-06-26,2524.0
2026-06-29,2490.0
2026-06-30,2501.0
2026-07-01,2562.0
2026-07-02,2650.0
2026-07-03,2717.0
2026-07-06,2797.0
2026-07-07,2875.0
2026-07-08,2871.0
2026-07-09,2910.0
2026-07-10,2944.0
2026-07-13,2960.0
2026-07-14,2980.0
2026-07-15,2929.0
2026-07-16,2840.0
2026-07-17,2752.0
2026-07-20,2671.0
2026-07-21,2670.0
2026-07-22,2715.0
2026-07-23,2725.0
2026-07-24,2743.0
2026-07-27,2696.0
2026-07-28,2664.0
2026-07-29,2632.0
2026-07-30,2673.0
2026-07-31,2732.0
2026-08-03,2843.0
2026-08-04,2936.0
2026-08-05,3063.0
2026-08-06,3057.0
2026-08-07,3089.0
2026-08-10,3083.0
2026-08-11,3046.0
2026-08-12,2939.0
2026-08-13,2844.0
2026-08-14,2863.0
2026-08-17,2878.0
2026-08-18,2815.0
2026-08-19,2776.0
2026-08-20,2791.0
2026-08-21,2841.0
2026-08-24,2882.0
2026-08-25,2926.0
2026-08-26,3056.0
2026-08-27,3107.0
2026-08-28,3186.0
2026-09-01,3157.0
