month,china_industrial_value_added_yoy_pct,unit,source
2007-02,12.6,% YoY real comparable prices,National Bureau of Statistics of China via China Data Portal
2007-03,17.6,% YoY real comparable prices,National Bureau of Statistics of China via China Data Portal
2007-04,17.4,% YoY real comparable prices,National Bureau of Statistics of China via China Data Portal
2007-05,18.1,% YoY real comparable prices,National Bureau of Statistics of China via China Data Portal
2007-06,19.4,% YoY real comparable prices,National Bureau of Statistics of China via China Data Portal
2007-07,18.0,% YoY real comparable prices,National Bureau of Statistics of China via China Data Portal
2007-08,17.5,% YoY real comparable prices,National Bureau of Statistics of China via China Data Portal
2007-09,18.9,% YoY real comparable prices,National Bureau of Statistics of China via China Data Portal
2007-10,17.9,% YoY real comparable prices,National Bureau of Statistics of China via China Data Portal
2007-11,17.3,% YoY real comparable prices,National Bureau of Statistics of China via China Data Portal
2007-12,17.4,% YoY real comparable prices,National Bureau of Statistics of China via China Data Portal
2008-02,15.4,% YoY real comparable prices,National Bureau of Statistics of China via China Data Portal
2008-03,17.8,% YoY real comparable prices,National Bureau of Statistics of China via China Data Portal
2008-04,15.7,% YoY real comparable prices,National Bureau of Statistics of China via China Data Portal
2008-05,16.0,% YoY real comparable prices,National Bureau of Statistics of China via China Data Portal
2008-06,16.0,% YoY real comparable prices,National Bureau of Statistics of China via China Data Portal
2008-07,14.7,% YoY real comparable prices,National Bureau of Statistics of China via China Data Portal
2008-08,12.8,% YoY real comparable prices,National Bureau of Statistics of China via China Data Portal
2008-09,11.4,% YoY real comparable prices,National Bureau of Statistics of China via China Data Portal
2008-10,8.2,% YoY real comparable prices,National Bureau of Statistics of China via China Data Portal
2008-11,5.4,% YoY real comparable prices,National Bureau of Statistics of China via China Data Portal
2008-12,5.7,% YoY real comparable prices,National Bureau of Statistics of China via China Data Portal
2009-02,11.0,% YoY real comparable prices,National Bureau of Statistics of China via China Data Portal
2009-03,8.3,% YoY real comparable prices,National Bureau of Statistics of China via China Data Portal
2009-04,7.3,% YoY real comparable prices,National Bureau of Statistics of China via China Data Portal
2009-05,8.9,% YoY real comparable prices,National Bureau of Statistics of China via China Data Portal
2009-06,10.7,% YoY real comparable prices,National Bureau of Statistics of China via China Data Portal
2009-07,10.8,% YoY real comparable prices,National Bureau of Statistics of China via China Data Portal
2009-08,12.3,% YoY real comparable prices,National Bureau of Statistics of China via China Data Portal
2009-09,13.9,% YoY real comparable prices,National Bureau of Statistics of China via China Data Portal
2009-10,16.1,% YoY real comparable prices,National Bureau of Statistics of China via China Data Portal
2009-11,19.2,% YoY real comparable prices,National Bureau of Statistics of China via China Data Portal
2009-12,18.5,% YoY real comparable prices,National Bureau of Statistics of China via China Data Portal
2010-02,12.8,% YoY real comparable prices,National Bureau of Statistics of China via China Data Portal
2010-03,18.1,% YoY real comparable prices,National Bureau of Statistics of China via China Data Portal
2010-04,17.8,% YoY real comparable prices,National Bureau of Statistics of China via China Data Portal
2010-05,16.5,% YoY real comparable prices,National Bureau of Statistics of China via China Data Portal
2010-06,13.7,% YoY real comparable prices,National Bureau of Statistics of China via China Data Portal
2010-07,13.4,% YoY real comparable prices,National Bureau of Statistics of China via China Data Portal
2010-08,13.9,% YoY real comparable prices,National Bureau of Statistics of China via China Data Portal
2010-09,13.3,% YoY real comparable prices,National Bureau of Statistics of China via China Data Portal
2010-10,13.1,% YoY real comparable prices,National Bureau of Statistics of China via China Data Portal
2010-11,13.3,% YoY real comparable prices,National Bureau of Statistics of China via China Data Portal
2010-12,13.5,% YoY real comparable prices,National Bureau of Statistics of China via China Data Portal
2011-02,14.9,% YoY real comparable prices,National Bureau of Statistics of China via China Data Portal
2011-03,14.8,% YoY real comparable prices,National Bureau of Statistics of China via China Data Portal
2011-04,13.4,% YoY real comparable prices,National Bureau of Statistics of China via China Data Portal
2011-05,13.3,% YoY real comparable prices,National Bureau of Statistics of China via China Data Portal
2011-06,15.1,% YoY real comparable prices,National Bureau of Statistics of China via China Data Portal
2011-07,14.0,% YoY real comparable prices,National Bureau of Statistics of China via China Data Portal
2011-08,13.5,% YoY real comparable prices,National Bureau of Statistics of China via China Data Portal
2011-09,13.8,% YoY real comparable prices,National Bureau of Statistics of China via China Data Portal
2011-10,13.2,% YoY real comparable prices,National Bureau of Statistics of China via China Data Portal
2011-11,12.4,% YoY real comparable prices,National Bureau of Statistics of China via China Data Portal
2011-12,12.8,% YoY real comparable prices,National Bureau of Statistics of China via China Data Portal
2012-02,21.3,% YoY real comparable prices,National Bureau of Statistics of China via China Data Portal
2012-03,11.9,% YoY real comparable prices,National Bureau of Statistics of China via China Data Portal
2012-04,9.3,% YoY real comparable prices,National Bureau of Statistics of China via China Data Portal
2012-05,9.6,% YoY real comparable prices,National Bureau of Statistics of China via China Data Portal
2012-06,9.5,% YoY real comparable prices,National Bureau of Statistics of China via China Data Portal
2012-07,9.2,% YoY real comparable prices,National Bureau of Statistics of China via China Data Portal
2012-08,8.9,% YoY real comparable prices,National Bureau of Statistics of China via China Data Portal
2012-09,9.2,% YoY real comparable prices,National Bureau of Statistics of China via China Data Portal
2012-10,9.6,% YoY real comparable prices,National Bureau of Statistics of China via China Data Portal
2012-11,10.1,% YoY real comparable prices,National Bureau of Statistics of China via China Data Portal
2012-12,10.3,% YoY real comparable prices,National Bureau of Statistics of China via China Data Portal
2013-03,8.9,% YoY real comparable prices,National Bureau of Statistics of China via China Data Portal
2013-04,9.3,% YoY real comparable prices,National Bureau of Statistics of China via China Data Portal
2013-05,9.2,% YoY real comparable prices,National Bureau of Statistics of China via China Data Portal
2013-06,8.9,% YoY real comparable prices,National Bureau of Statistics of China via China Data Portal
2013-07,9.7,% YoY real comparable prices,National Bureau of Statistics of China via China Data Portal
2013-08,10.4,% YoY real comparable prices,National Bureau of Statistics of China via China Data Portal
2013-09,10.2,% YoY real comparable prices,National Bureau of Statistics of China via China Data Portal
2013-10,10.3,% YoY real comparable prices,National Bureau of Statistics of China via China Data Portal
2013-11,10.0,% YoY real comparable prices,National Bureau of Statistics of China via China Data Portal
2013-12,9.7,% YoY real comparable prices,National Bureau of Statistics of China via China Data Portal
2014-03,8.8,% YoY real comparable prices,National Bureau of Statistics of China via China Data Portal
2014-04,8.7,% YoY real comparable prices,National Bureau of Statistics of China via China Data Portal
2014-05,8.8,% YoY real comparable prices,National Bureau of Statistics of China via China Data Portal
2014-06,9.2,% YoY real comparable prices,National Bureau of Statistics of China via China Data Portal
2014-07,9.0,% YoY real comparable prices,National Bureau of Statistics of China via China Data Portal
2014-08,6.9,% YoY real comparable prices,National Bureau of Statistics of China via China Data Portal
2014-09,8.0,% YoY real comparable prices,National Bureau of Statistics of China via China Data Portal
2014-10,7.7,% YoY real comparable prices,National Bureau of Statistics of China via China Data Portal
2014-11,7.2,% YoY real comparable prices,National Bureau of Statistics of China via China Data Portal
2014-12,7.9,% YoY real comparable prices,National Bureau of Statistics of China via China Data Portal
2015-03,5.6,% YoY real comparable prices,National Bureau of Statistics of China via China Data Portal
2015-04,5.9,% YoY real comparable prices,National Bureau of Statistics of China via China Data Portal
2015-05,6.1,% YoY real comparable prices,National Bureau of Statistics of China via China Data Portal
2015-06,6.8,% YoY real comparable prices,National Bureau of Statistics of China via China Data Portal
2015-07,6.0,% YoY real comparable prices,National Bureau of Statistics of China via China Data Portal
2015-08,6.1,% YoY real comparable prices,National Bureau of Statistics of China via China Data Portal
2015-09,5.7,% YoY real comparable prices,National Bureau of Statistics of China via China Data Portal
2015-10,5.6,% YoY real comparable prices,National Bureau of Statistics of China via China Data Portal
2015-11,6.2,% YoY real comparable prices,National Bureau of Statistics of China via China Data Portal
2015-12,5.9,% YoY real comparable prices,National Bureau of Statistics of China via China Data Portal
2016-03,6.8,% YoY real comparable prices,National Bureau of Statistics of China via China Data Portal
2016-04,6.0,% YoY real comparable prices,National Bureau of Statistics of China via China Data Portal
2016-05,6.0,% YoY real comparable prices,National Bureau of Statistics of China via China Data Portal
2016-06,6.2,% YoY real comparable prices,National Bureau of Statistics of China via China Data Portal
2016-07,6.0,% YoY real comparable prices,National Bureau of Statistics of China via China Data Portal
2016-08,6.3,% YoY real comparable prices,National Bureau of Statistics of China via China Data Portal
2016-09,6.1,% YoY real comparable prices,National Bureau of Statistics of China via China Data Portal
2016-10,6.1,% YoY real comparable prices,National Bureau of Statistics of China via China Data Portal
2016-11,6.2,% YoY real comparable prices,National Bureau of Statistics of China via China Data Portal
2016-12,6.0,% YoY real comparable prices,National Bureau of Statistics of China via China Data Portal
2017-03,7.6,% YoY real comparable prices,National Bureau of Statistics of China via China Data Portal
2017-04,6.5,% YoY real comparable prices,National Bureau of Statistics of China via China Data Portal
2017-05,6.5,% YoY real comparable prices,National Bureau of Statistics of China via China Data Portal
2017-06,7.6,% YoY real comparable prices,National Bureau of Statistics of China via China Data Portal
2017-07,6.4,% YoY real comparable prices,National Bureau of Statistics of China via China Data Portal
2017-08,6.0,% YoY real comparable prices,National Bureau of Statistics of China via China Data Portal
2017-09,6.6,% YoY real comparable prices,National Bureau of Statistics of China via China Data Portal
2017-10,6.2,% YoY real comparable prices,National Bureau of Statistics of China via China Data Portal
2017-11,6.1,% YoY real comparable prices,National Bureau of Statistics of China via China Data Portal
2017-12,6.2,% YoY real comparable prices,National Bureau of Statistics of China via China Data Portal
2018-03,6.0,% YoY real comparable prices,National Bureau of Statistics of China via China Data Portal
2018-04,7.0,% YoY real comparable prices,National Bureau of Statistics of China via China Data Portal
2018-05,6.8,% YoY real comparable prices,National Bureau of Statistics of China via China Data Portal
2018-06,6.0,% YoY real comparable prices,National Bureau of Statistics of China via China Data Portal
2018-07,6.0,% YoY real comparable prices,National Bureau of Statistics of China via China Data Portal
2018-08,6.1,% YoY real comparable prices,National Bureau of Statistics of China via China Data Portal
2018-09,5.8,% YoY real comparable prices,National Bureau of Statistics of China via China Data Portal
2018-10,5.9,% YoY real comparable prices,National Bureau of Statistics of China via China Data Portal
2018-11,5.4,% YoY real comparable prices,National Bureau of Statistics of China via China Data Portal
2018-12,5.7,% YoY real comparable prices,National Bureau of Statistics of China via China Data Portal
2019-03,8.5,% YoY real comparable prices,National Bureau of Statistics of China via China Data Portal
2019-04,5.4,% YoY real comparable prices,National Bureau of Statistics of China via China Data Portal
2019-05,5.0,% YoY real comparable prices,National Bureau of Statistics of China via China Data Portal
2019-06,6.3,% YoY real comparable prices,National Bureau of Statistics of China via China Data Portal
2019-07,4.8,% YoY real comparable prices,National Bureau of Statistics of China via China Data Portal
2019-08,4.4,% YoY real comparable prices,National Bureau of Statistics of China via China Data Portal
2019-09,5.8,% YoY real comparable prices,National Bureau of Statistics of China via China Data Portal
2019-10,4.7,% YoY real comparable prices,National Bureau of Statistics of China via China Data Portal
2019-11,6.2,% YoY real comparable prices,National Bureau of Statistics of China via China Data Portal
2019-12,6.9,% YoY real comparable prices,National Bureau of Statistics of China via China Data Portal
2020-03,-1.1,% YoY real comparable prices,National Bureau of Statistics of China via China Data Portal
2020-04,3.9,% YoY real comparable prices,National Bureau of Statistics of China via China Data Portal
2020-05,4.4,% YoY real comparable prices,National Bureau of Statistics of China via China Data Portal
2020-06,4.8,% YoY real comparable prices,National Bureau of Statistics of China via China Data Portal
2020-07,4.8,% YoY real comparable prices,National Bureau of Statistics of China via China Data Portal
2020-08,5.6,% YoY real comparable prices,National Bureau of Statistics of China via China Data Portal
2020-09,6.9,% YoY real comparable prices,National Bureau of Statistics of China via China Data Portal
2020-10,6.9,% YoY real comparable prices,National Bureau of Statistics of China via China Data Portal
2020-11,7.0,% YoY real comparable prices,National Bureau of Statistics of China via China Data Portal
2020-12,7.3,% YoY real comparable prices,National Bureau of Statistics of China via China Data Portal
2021-03,14.1,% YoY real comparable prices,National Bureau of Statistics of China via China Data Portal
2021-04,9.8,% YoY real comparable prices,National Bureau of Statistics of China via China Data Portal
2021-05,8.8,% YoY real comparable prices,National Bureau of Statistics of China via China Data Portal
2021-06,8.3,% YoY real comparable prices,National Bureau of Statistics of China via China Data Portal
2021-07,6.4,% YoY real comparable prices,National Bureau of Statistics of China via China Data Portal
2021-08,5.3,% YoY real comparable prices,National Bureau of Statistics of China via China Data Portal
2021-09,3.1,% YoY real comparable prices,National Bureau of Statistics of China via China Data Portal
2021-10,3.5,% YoY real comparable prices,National Bureau of Statistics of China via China Data Portal
2021-11,3.8,% YoY real comparable prices,National Bureau of Statistics of China via China Data Portal
2021-12,4.3,% YoY real comparable prices,National Bureau of Statistics of China via China Data Portal
2022-03,5.0,% YoY real comparable prices,National Bureau of Statistics of China via China Data Portal
2022-04,-2.9,% YoY real comparable prices,National Bureau of Statistics of China via China Data Portal
2022-05,0.7,% YoY real comparable prices,National Bureau of Statistics of China via China Data Portal
2022-06,3.9,% YoY real comparable prices,National Bureau of Statistics of China via China Data Portal
2022-07,3.8,% YoY real comparable prices,National Bureau of Statistics of China via China Data Portal
2022-08,4.2,% YoY real comparable prices,National Bureau of Statistics of China via China Data Portal
2022-09,6.3,% YoY real comparable prices,National Bureau of Statistics of China via China Data Portal
2022-10,5.0,% YoY real comparable prices,National Bureau of Statistics of China via China Data Portal
2022-11,2.2,% YoY real comparable prices,National Bureau of Statistics of China via China Data Portal
2022-12,1.3,% YoY real comparable prices,National Bureau of Statistics of China via China Data Portal
2023-03,3.9,% YoY real comparable prices,National Bureau of Statistics of China via China Data Portal
2023-04,5.6,% YoY real comparable prices,National Bureau of Statistics of China via China Data Portal
2023-05,3.5,% YoY real comparable prices,National Bureau of Statistics of China via China Data Portal
2023-06,4.4,% YoY real comparable prices,National Bureau of Statistics of China via China Data Portal
2023-07,3.7,% YoY real comparable prices,National Bureau of Statistics of China via China Data Portal
2023-08,4.5,% YoY real comparable prices,National Bureau of Statistics of China via China Data Portal
2023-09,4.5,% YoY real comparable prices,National Bureau of Statistics of China via China Data Portal
2023-10,4.6,% YoY real comparable prices,National Bureau of Statistics of China via China Data Portal
2023-11,6.6,% YoY real comparable prices,National Bureau of Statistics of China via China Data Portal
2023-12,6.8,% YoY real comparable prices,National Bureau of Statistics of China via China Data Portal
2024-03,4.5,% YoY real comparable prices,National Bureau of Statistics of China via China Data Portal
2024-04,6.7,% YoY real comparable prices,National Bureau of Statistics of China via China Data Portal
2024-05,5.6,% YoY real comparable prices,National Bureau of Statistics of China via China Data Portal
2024-06,5.3,% YoY real comparable prices,National Bureau of Statistics of China via China Data Portal
2024-07,5.1,% YoY real comparable prices,National Bureau of Statistics of China via China Data Portal
2024-08,4.5,% YoY real comparable prices,National Bureau of Statistics of China via China Data Portal
2024-09,5.4,% YoY real comparable prices,National Bureau of Statistics of China via China Data Portal
2024-10,5.3,% YoY real comparable prices,National Bureau of Statistics of China via China Data Portal
2024-11,5.4,% YoY real comparable prices,National Bureau of Statistics of China via China Data Portal
2024-12,6.2,% YoY real comparable prices,National Bureau of Statistics of China via China Data Portal
2025-03,7.7,% YoY real comparable prices,National Bureau of Statistics of China via China Data Portal
2025-04,6.1,% YoY real comparable prices,National Bureau of Statistics of China via China Data Portal
2025-05,5.8,% YoY real comparable prices,National Bureau of Statistics of China via China Data Portal
2025-06,6.8,% YoY real comparable prices,National Bureau of Statistics of China via China Data Portal
2025-07,5.7,% YoY real comparable prices,National Bureau of Statistics of China via China Data Portal
2025-08,5.2,% YoY real comparable prices,National Bureau of Statistics of China via China Data Portal
2025-09,6.5,% YoY real comparable prices,National Bureau of Statistics of China via China Data Portal
2025-10,4.9,% YoY real comparable prices,National Bureau of Statistics of China via China Data Portal
2025-11,4.8,% YoY real comparable prices,National Bureau of Statistics of China via China Data Portal
2025-12,5.2,% YoY real comparable prices,National Bureau of Statistics of China via China Data Portal
2026-03,5.7,% YoY real comparable prices,National Bureau of Statistics of China via China Data Portal
2026-04,4.1,% YoY real comparable prices,National Bureau of Statistics of China via China Data Portal
2026-05,4.5,% YoY real comparable prices,National Bureau of Statistics of China via China Data Portal
2026-06,5.3,% YoY real comparable prices,National Bureau of Statistics of China via China Data Portal
