month,china_electricity_generation_100m_kwh,unit,source
2007-02,1967.3,100M kWh current period,National Bureau of Statistics of China via China Data Portal
2007-03,2472.0,100M kWh current period,National Bureau of Statistics of China via China Data Portal
2007-04,2474.5,100M kWh current period,National Bureau of Statistics of China via China Data Portal
2007-05,2568.7,100M kWh current period,National Bureau of Statistics of China via China Data Portal
2007-06,2715.6,100M kWh current period,National Bureau of Statistics of China via China Data Portal
2007-07,2915.7,100M kWh current period,National Bureau of Statistics of China via China Data Portal
2007-08,2989.8,100M kWh current period,National Bureau of Statistics of China via China Data Portal
2007-09,2760.1,100M kWh current period,National Bureau of Statistics of China via China Data Portal
2007-10,2727.9,100M kWh current period,National Bureau of Statistics of China via China Data Portal
2007-11,2754.7,100M kWh current period,National Bureau of Statistics of China via China Data Portal
2007-12,2946.9,100M kWh current period,National Bureau of Statistics of China via China Data Portal
2008-02,2337.8,100M kWh current period,National Bureau of Statistics of China via China Data Portal
2008-03,2897.8,100M kWh current period,National Bureau of Statistics of China via China Data Portal
2008-04,2814.3,100M kWh current period,National Bureau of Statistics of China via China Data Portal
2008-05,2933.8,100M kWh current period,National Bureau of Statistics of China via China Data Portal
2008-06,2934.5,100M kWh current period,National Bureau of Statistics of China via China Data Portal
2008-07,3195.4,100M kWh current period,National Bureau of Statistics of China via China Data Portal
2008-08,3160.6,100M kWh current period,National Bureau of Statistics of China via China Data Portal
2008-09,2892.5,100M kWh current period,National Bureau of Statistics of China via China Data Portal
2008-10,2645.0,100M kWh current period,National Bureau of Statistics of China via China Data Portal
2008-11,2540.2,100M kWh current period,National Bureau of Statistics of China via China Data Portal
2008-12,2739.6,100M kWh current period,National Bureau of Statistics of China via China Data Portal
2009-02,2449.4,100M kWh current period,National Bureau of Statistics of China via China Data Portal
2009-03,2833.6,100M kWh current period,National Bureau of Statistics of China via China Data Portal
2009-04,2712.9,100M kWh current period,National Bureau of Statistics of China via China Data Portal
2009-05,2838.9,100M kWh current period,National Bureau of Statistics of China via China Data Portal
2009-06,3100.1,100M kWh current period,National Bureau of Statistics of China via China Data Portal
2009-07,3345.0,100M kWh current period,National Bureau of Statistics of China via China Data Portal
2009-08,3443.2,100M kWh current period,National Bureau of Statistics of China via China Data Portal
2009-09,3203.3,100M kWh current period,National Bureau of Statistics of China via China Data Portal
2009-10,3121.0,100M kWh current period,National Bureau of Statistics of China via China Data Portal
2009-11,3234.1,100M kWh current period,National Bureau of Statistics of China via China Data Portal
2009-12,3497.8,100M kWh current period,National Bureau of Statistics of China via China Data Portal
2010-02,2695.9,100M kWh current period,National Bureau of Statistics of China via China Data Portal
2010-03,3369.5,100M kWh current period,National Bureau of Statistics of China via China Data Portal
2010-04,3316.4,100M kWh current period,National Bureau of Statistics of China via China Data Portal
2010-05,3404.7,100M kWh current period,National Bureau of Statistics of China via China Data Portal
2010-06,3466.6,100M kWh current period,National Bureau of Statistics of China via China Data Portal
2010-07,3776.4,100M kWh current period,National Bureau of Statistics of China via China Data Portal
2010-08,3903.3,100M kWh current period,National Bureau of Statistics of China via China Data Portal
2010-09,3486.5,100M kWh current period,National Bureau of Statistics of China via China Data Portal
2010-10,3328.8,100M kWh current period,National Bureau of Statistics of China via China Data Portal
2010-11,3453.4,100M kWh current period,National Bureau of Statistics of China via China Data Portal
2010-12,3677.8,100M kWh current period,National Bureau of Statistics of China via China Data Portal
2011-02,3100.8,100M kWh current period,National Bureau of Statistics of China via China Data Portal
2011-03,3830.1,100M kWh current period,National Bureau of Statistics of China via China Data Portal
2011-04,3663.8,100M kWh current period,National Bureau of Statistics of China via China Data Portal
2011-05,3775.4,100M kWh current period,National Bureau of Statistics of China via China Data Portal
2011-06,3968.2,100M kWh current period,National Bureau of Statistics of China via China Data Portal
2011-07,4251.5,100M kWh current period,National Bureau of Statistics of China via China Data Portal
2011-08,4260.4,100M kWh current period,National Bureau of Statistics of China via China Data Portal
2011-09,3860.6,100M kWh current period,National Bureau of Statistics of China via China Data Portal
2011-10,3640.4,100M kWh current period,National Bureau of Statistics of China via China Data Portal
2011-11,3713.0,100M kWh current period,National Bureau of Statistics of China via China Data Portal
2011-12,4038.1,100M kWh current period,National Bureau of Statistics of China via China Data Portal
2012-02,3701.7,100M kWh current period,National Bureau of Statistics of China via China Data Portal
2012-03,4109.2,100M kWh current period,National Bureau of Statistics of China via China Data Portal
2012-04,3718.2,100M kWh current period,National Bureau of Statistics of China via China Data Portal
2012-05,3898.1,100M kWh current period,National Bureau of Statistics of China via China Data Portal
2012-06,3933.5,100M kWh current period,National Bureau of Statistics of China via China Data Portal
2012-07,4351.2,100M kWh current period,National Bureau of Statistics of China via China Data Portal
2012-08,4372.8,100M kWh current period,National Bureau of Statistics of China via China Data Portal
2012-09,3907.3,100M kWh current period,National Bureau of Statistics of China via China Data Portal
2012-10,3897.7,100M kWh current period,National Bureau of Statistics of China via China Data Portal
2012-11,4010.5,100M kWh current period,National Bureau of Statistics of China via China Data Portal
2012-12,4327.2,100M kWh current period,National Bureau of Statistics of China via China Data Portal
2013-03,4194.3,100M kWh current period,National Bureau of Statistics of China via China Data Portal
2013-04,3994.4,100M kWh current period,National Bureau of Statistics of China via China Data Portal
2013-05,4104.1,100M kWh current period,National Bureau of Statistics of China via China Data Portal
2013-06,4252.6,100M kWh current period,National Bureau of Statistics of China via China Data Portal
2013-07,4794.5,100M kWh current period,National Bureau of Statistics of China via China Data Portal
2013-08,4987.0,100M kWh current period,National Bureau of Statistics of China via China Data Portal
2013-09,4310.4,100M kWh current period,National Bureau of Statistics of China via China Data Portal
2013-10,4305.1,100M kWh current period,National Bureau of Statistics of China via China Data Portal
2013-11,4391.8,100M kWh current period,National Bureau of Statistics of China via China Data Portal
2013-12,4779.6,100M kWh current period,National Bureau of Statistics of China via China Data Portal
2014-02,3833.6,100M kWh current period,National Bureau of Statistics of China via China Data Portal
2014-03,4527.7,100M kWh current period,National Bureau of Statistics of China via China Data Portal
2014-04,4250.2,100M kWh current period,National Bureau of Statistics of China via China Data Portal
2014-05,4415.9,100M kWh current period,National Bureau of Statistics of China via China Data Portal
2014-06,4580.7,100M kWh current period,National Bureau of Statistics of China via China Data Portal
2014-07,5047.9,100M kWh current period,National Bureau of Statistics of China via China Data Portal
2014-08,4959.3,100M kWh current period,National Bureau of Statistics of China via China Data Portal
2014-09,4541.7,100M kWh current period,National Bureau of Statistics of China via China Data Portal
2014-10,4446.4,100M kWh current period,National Bureau of Statistics of China via China Data Portal
2014-11,4487.2,100M kWh current period,National Bureau of Statistics of China via China Data Portal
2014-12,4902.2,100M kWh current period,National Bureau of Statistics of China via China Data Portal
2015-02,3653.8,100M kWh current period,National Bureau of Statistics of China via China Data Portal
2015-03,4510.6,100M kWh current period,National Bureau of Statistics of China via China Data Portal
2015-04,4450.3,100M kWh current period,National Bureau of Statistics of China via China Data Portal
2015-05,4562.2,100M kWh current period,National Bureau of Statistics of China via China Data Portal
2015-06,4745.3,100M kWh current period,National Bureau of Statistics of China via China Data Portal
2015-07,5089.6,100M kWh current period,National Bureau of Statistics of China via China Data Portal
2015-08,5155.3,100M kWh current period,National Bureau of Statistics of China via China Data Portal
2015-09,4547.8,100M kWh current period,National Bureau of Statistics of China via China Data Portal
2015-10,4453.5,100M kWh current period,National Bureau of Statistics of China via China Data Portal
2015-11,4660.4,100M kWh current period,National Bureau of Statistics of China via China Data Portal
2015-12,4910.3,100M kWh current period,National Bureau of Statistics of China via China Data Portal
2016-03,4778.8,100M kWh current period,National Bureau of Statistics of China via China Data Portal
2016-04,4444.5,100M kWh current period,National Bureau of Statistics of China via China Data Portal
2016-05,4635.9,100M kWh current period,National Bureau of Statistics of China via China Data Portal
2016-06,4907.9,100M kWh current period,National Bureau of Statistics of China via China Data Portal
2016-07,5506.1,100M kWh current period,National Bureau of Statistics of China via China Data Portal
2016-08,5617.2,100M kWh current period,National Bureau of Statistics of China via China Data Portal
2016-09,4912.8,100M kWh current period,National Bureau of Statistics of China via China Data Portal
2016-10,4875.8,100M kWh current period,National Bureau of Statistics of China via China Data Portal
2016-11,5034.1,100M kWh current period,National Bureau of Statistics of China via China Data Portal
2016-12,5328.9,100M kWh current period,National Bureau of Statistics of China via China Data Portal
2017-03,5168.9,100M kWh current period,National Bureau of Statistics of China via China Data Portal
2017-04,4767.2,100M kWh current period,National Bureau of Statistics of China via China Data Portal
2017-05,4947.0,100M kWh current period,National Bureau of Statistics of China via China Data Portal
2017-06,5203.0,100M kWh current period,National Bureau of Statistics of China via China Data Portal
2017-07,6047.4,100M kWh current period,National Bureau of Statistics of China via China Data Portal
2017-08,5945.5,100M kWh current period,National Bureau of Statistics of China via China Data Portal
2017-09,5219.6,100M kWh current period,National Bureau of Statistics of China via China Data Portal
2017-10,5038.1,100M kWh current period,National Bureau of Statistics of China via China Data Portal
2017-11,5196.3,100M kWh current period,National Bureau of Statistics of China via China Data Portal
2017-12,5698.6,100M kWh current period,National Bureau of Statistics of China via China Data Portal
2018-03,5283.4,100M kWh current period,National Bureau of Statistics of China via China Data Portal
2018-04,5107.8,100M kWh current period,National Bureau of Statistics of China via China Data Portal
2018-05,5443.3,100M kWh current period,National Bureau of Statistics of China via China Data Portal
2018-06,5550.6,100M kWh current period,National Bureau of Statistics of China via China Data Portal
2018-07,6400.2,100M kWh current period,National Bureau of Statistics of China via China Data Portal
2018-08,6404.9,100M kWh current period,National Bureau of Statistics of China via China Data Portal
2018-09,5483.1,100M kWh current period,National Bureau of Statistics of China via China Data Portal
2018-10,5330.2,100M kWh current period,National Bureau of Statistics of China via China Data Portal
2018-11,5543.0,100M kWh current period,National Bureau of Statistics of China via China Data Portal
2018-12,6199.9,100M kWh current period,National Bureau of Statistics of China via China Data Portal
2019-03,5697.9,100M kWh current period,National Bureau of Statistics of China via China Data Portal
2019-04,5440.2,100M kWh current period,National Bureau of Statistics of China via China Data Portal
2019-05,5589.0,100M kWh current period,National Bureau of Statistics of China via China Data Portal
2019-06,5833.9,100M kWh current period,National Bureau of Statistics of China via China Data Portal
2019-07,6573.1,100M kWh current period,National Bureau of Statistics of China via China Data Portal
2019-08,6682.4,100M kWh current period,National Bureau of Statistics of China via China Data Portal
2019-09,5908.4,100M kWh current period,National Bureau of Statistics of China via China Data Portal
2019-10,5714.2,100M kWh current period,National Bureau of Statistics of China via China Data Portal
2019-11,5889.8,100M kWh current period,National Bureau of Statistics of China via China Data Portal
2019-12,6544.2,100M kWh current period,National Bureau of Statistics of China via China Data Portal
2020-03,5525.1,100M kWh current period,National Bureau of Statistics of China via China Data Portal
2020-04,5542.7,100M kWh current period,National Bureau of Statistics of China via China Data Portal
2020-05,5932.4,100M kWh current period,National Bureau of Statistics of China via China Data Portal
2020-06,6304.1,100M kWh current period,National Bureau of Statistics of China via China Data Portal
2020-07,6801.2,100M kWh current period,National Bureau of Statistics of China via China Data Portal
2020-08,7238.3,100M kWh current period,National Bureau of Statistics of China via China Data Portal
2020-09,6315.2,100M kWh current period,National Bureau of Statistics of China via China Data Portal
2020-10,6094.5,100M kWh current period,National Bureau of Statistics of China via China Data Portal
2020-11,6418.7,100M kWh current period,National Bureau of Statistics of China via China Data Portal
2020-12,7277.2,100M kWh current period,National Bureau of Statistics of China via China Data Portal
2021-03,6579.0,100M kWh current period,National Bureau of Statistics of China via China Data Portal
2021-04,6230.1,100M kWh current period,National Bureau of Statistics of China via China Data Portal
2021-05,6478.4,100M kWh current period,National Bureau of Statistics of China via China Data Portal
2021-06,6860.5,100M kWh current period,National Bureau of Statistics of China via China Data Portal
2021-07,7586.2,100M kWh current period,National Bureau of Statistics of China via China Data Portal
2021-08,7383.5,100M kWh current period,National Bureau of Statistics of China via China Data Portal
2021-09,6751.2,100M kWh current period,National Bureau of Statistics of China via China Data Portal
2021-10,6393.5,100M kWh current period,National Bureau of Statistics of China via China Data Portal
2021-11,6540.4,100M kWh current period,National Bureau of Statistics of China via China Data Portal
2021-12,7233.7,100M kWh current period,National Bureau of Statistics of China via China Data Portal
2022-03,6701.7,100M kWh current period,National Bureau of Statistics of China via China Data Portal
2022-04,6085.7,100M kWh current period,National Bureau of Statistics of China via China Data Portal
2022-05,6410.2,100M kWh current period,National Bureau of Statistics of China via China Data Portal
2022-06,7090.3,100M kWh current period,National Bureau of Statistics of China via China Data Portal
2022-07,8059.2,100M kWh current period,National Bureau of Statistics of China via China Data Portal
2022-08,8248.0,100M kWh current period,National Bureau of Statistics of China via China Data Portal
2022-09,6830.0,100M kWh current period,National Bureau of Statistics of China via China Data Portal
2022-10,6610.0,100M kWh current period,National Bureau of Statistics of China via China Data Portal
2022-11,6666.7,100M kWh current period,National Bureau of Statistics of China via China Data Portal
2022-12,7578.5,100M kWh current period,National Bureau of Statistics of China via China Data Portal
2023-03,7172.9,100M kWh current period,National Bureau of Statistics of China via China Data Portal
2023-04,6583.5,100M kWh current period,National Bureau of Statistics of China via China Data Portal
2023-05,6885.8,100M kWh current period,National Bureau of Statistics of China via China Data Portal
2023-06,7399.0,100M kWh current period,National Bureau of Statistics of China via China Data Portal
2023-07,8461.7,100M kWh current period,National Bureau of Statistics of China via China Data Portal
2023-08,8449.9,100M kWh current period,National Bureau of Statistics of China via China Data Portal
2023-09,7456.1,100M kWh current period,National Bureau of Statistics of China via China Data Portal
2023-10,7043.5,100M kWh current period,National Bureau of Statistics of China via China Data Portal
2023-11,7309.7,100M kWh current period,National Bureau of Statistics of China via China Data Portal
2023-12,8289.8,100M kWh current period,National Bureau of Statistics of China via China Data Portal
2024-03,7476.9,100M kWh current period,National Bureau of Statistics of China via China Data Portal
2024-04,6900.8,100M kWh current period,National Bureau of Statistics of China via China Data Portal
2024-05,7178.5,100M kWh current period,National Bureau of Statistics of China via China Data Portal
2024-06,7685.2,100M kWh current period,National Bureau of Statistics of China via China Data Portal
2024-07,8831.1,100M kWh current period,National Bureau of Statistics of China via China Data Portal
2024-08,9074.2,100M kWh current period,National Bureau of Statistics of China via China Data Portal
2024-09,8023.6,100M kWh current period,National Bureau of Statistics of China via China Data Portal
2024-10,7310.0,100M kWh current period,National Bureau of Statistics of China via China Data Portal
2024-11,7495.1,100M kWh current period,National Bureau of Statistics of China via China Data Portal
2024-12,8462.4,100M kWh current period,National Bureau of Statistics of China via China Data Portal
2025-03,7780.2,100M kWh current period,National Bureau of Statistics of China via China Data Portal
2025-04,7111.1,100M kWh current period,National Bureau of Statistics of China via China Data Portal
2025-05,7377.6,100M kWh current period,National Bureau of Statistics of China via China Data Portal
2025-06,7962.9,100M kWh current period,National Bureau of Statistics of China via China Data Portal
2025-07,9267.2,100M kWh current period,National Bureau of Statistics of China via China Data Portal
2025-08,9362.7,100M kWh current period,National Bureau of Statistics of China via China Data Portal
2025-09,8261.8,100M kWh current period,National Bureau of Statistics of China via China Data Portal
2025-10,8002.1,100M kWh current period,National Bureau of Statistics of China via China Data Portal
2025-11,7792.2,100M kWh current period,National Bureau of Statistics of China via China Data Portal
2025-12,8586.2,100M kWh current period,National Bureau of Statistics of China via China Data Portal
2026-03,8024.8,100M kWh current period,National Bureau of Statistics of China via China Data Portal
2026-04,7439.8,100M kWh current period,National Bureau of Statistics of China via China Data Portal
2026-05,7842.5,100M kWh current period,National Bureau of Statistics of China via China Data Portal
2026-06,8275.6,100M kWh current period,National Bureau of Statistics of China via China Data Portal
2026-07,9438.5,100M kWh current period,National Bureau of Statistics of China via China Data Portal
