month,china_real_estate_investment_yoy_pct,unit,source
2007-02,24.3,% YoY cumulative,National Bureau of Statistics of China via China Data Portal
2007-03,26.9,% YoY cumulative,National Bureau of Statistics of China via China Data Portal
2007-04,27.4,% YoY cumulative,National Bureau of Statistics of China via China Data Portal
2007-05,27.5,% YoY cumulative,National Bureau of Statistics of China via China Data Portal
2007-06,28.5,% YoY cumulative,National Bureau of Statistics of China via China Data Portal
2007-07,28.9,% YoY cumulative,National Bureau of Statistics of China via China Data Portal
2007-08,29.0,% YoY cumulative,National Bureau of Statistics of China via China Data Portal
2007-09,30.3,% YoY cumulative,National Bureau of Statistics of China via China Data Portal
2007-10,31.4,% YoY cumulative,National Bureau of Statistics of China via China Data Portal
2007-11,31.8,% YoY cumulative,National Bureau of Statistics of China via China Data Portal
2007-12,30.2,% YoY cumulative,National Bureau of Statistics of China via China Data Portal
2008-02,32.9,% YoY cumulative,National Bureau of Statistics of China via China Data Portal
2008-03,32.3,% YoY cumulative,National Bureau of Statistics of China via China Data Portal
2008-04,32.1,% YoY cumulative,National Bureau of Statistics of China via China Data Portal
2008-05,31.9,% YoY cumulative,National Bureau of Statistics of China via China Data Portal
2008-06,33.5,% YoY cumulative,National Bureau of Statistics of China via China Data Portal
2008-07,30.9,% YoY cumulative,National Bureau of Statistics of China via China Data Portal
2008-08,29.1,% YoY cumulative,National Bureau of Statistics of China via China Data Portal
2008-09,26.5,% YoY cumulative,National Bureau of Statistics of China via China Data Portal
2008-10,24.6,% YoY cumulative,National Bureau of Statistics of China via China Data Portal
2008-11,22.7,% YoY cumulative,National Bureau of Statistics of China via China Data Portal
2008-12,20.9,% YoY cumulative,National Bureau of Statistics of China via China Data Portal
2009-02,1.0,% YoY cumulative,National Bureau of Statistics of China via China Data Portal
2009-03,4.1,% YoY cumulative,National Bureau of Statistics of China via China Data Portal
2009-04,4.9,% YoY cumulative,National Bureau of Statistics of China via China Data Portal
2009-05,5.8,% YoY cumulative,National Bureau of Statistics of China via China Data Portal
2009-06,8.3,% YoY cumulative,National Bureau of Statistics of China via China Data Portal
2009-07,9.5,% YoY cumulative,National Bureau of Statistics of China via China Data Portal
2009-08,12.5,% YoY cumulative,National Bureau of Statistics of China via China Data Portal
2009-09,15.4,% YoY cumulative,National Bureau of Statistics of China via China Data Portal
2009-10,16.6,% YoY cumulative,National Bureau of Statistics of China via China Data Portal
2009-11,17.8,% YoY cumulative,National Bureau of Statistics of China via China Data Portal
2009-12,16.1,% YoY cumulative,National Bureau of Statistics of China via China Data Portal
2010-02,31.1,% YoY cumulative,National Bureau of Statistics of China via China Data Portal
2010-03,35.1,% YoY cumulative,National Bureau of Statistics of China via China Data Portal
2010-04,36.2,% YoY cumulative,National Bureau of Statistics of China via China Data Portal
2010-05,38.2,% YoY cumulative,National Bureau of Statistics of China via China Data Portal
2010-06,38.1,% YoY cumulative,National Bureau of Statistics of China via China Data Portal
2010-07,37.2,% YoY cumulative,National Bureau of Statistics of China via China Data Portal
2010-08,36.7,% YoY cumulative,National Bureau of Statistics of China via China Data Portal
2010-09,36.4,% YoY cumulative,National Bureau of Statistics of China via China Data Portal
2010-10,36.5,% YoY cumulative,National Bureau of Statistics of China via China Data Portal
2010-11,36.5,% YoY cumulative,National Bureau of Statistics of China via China Data Portal
2010-12,33.2,% YoY cumulative,National Bureau of Statistics of China via China Data Portal
2011-02,35.2,% YoY cumulative,National Bureau of Statistics of China via China Data Portal
2011-03,34.1,% YoY cumulative,National Bureau of Statistics of China via China Data Portal
2011-04,34.3,% YoY cumulative,National Bureau of Statistics of China via China Data Portal
2011-05,34.6,% YoY cumulative,National Bureau of Statistics of China via China Data Portal
2011-06,32.9,% YoY cumulative,National Bureau of Statistics of China via China Data Portal
2011-07,33.6,% YoY cumulative,National Bureau of Statistics of China via China Data Portal
2011-08,33.2,% YoY cumulative,National Bureau of Statistics of China via China Data Portal
2011-09,32.0,% YoY cumulative,National Bureau of Statistics of China via China Data Portal
2011-10,31.1,% YoY cumulative,National Bureau of Statistics of China via China Data Portal
2011-11,29.9,% YoY cumulative,National Bureau of Statistics of China via China Data Portal
2011-12,27.9,% YoY cumulative,National Bureau of Statistics of China via China Data Portal
2012-02,27.8,% YoY cumulative,National Bureau of Statistics of China via China Data Portal
2012-03,23.5,% YoY cumulative,National Bureau of Statistics of China via China Data Portal
2012-04,18.7,% YoY cumulative,National Bureau of Statistics of China via China Data Portal
2012-05,18.5,% YoY cumulative,National Bureau of Statistics of China via China Data Portal
2012-06,16.6,% YoY cumulative,National Bureau of Statistics of China via China Data Portal
2012-07,15.4,% YoY cumulative,National Bureau of Statistics of China via China Data Portal
2012-08,15.6,% YoY cumulative,National Bureau of Statistics of China via China Data Portal
2012-09,15.4,% YoY cumulative,National Bureau of Statistics of China via China Data Portal
2012-10,15.4,% YoY cumulative,National Bureau of Statistics of China via China Data Portal
2012-11,16.7,% YoY cumulative,National Bureau of Statistics of China via China Data Portal
2012-12,16.2,% YoY cumulative,National Bureau of Statistics of China via China Data Portal
2013-02,22.8,% YoY cumulative,National Bureau of Statistics of China via China Data Portal
2013-03,20.2,% YoY cumulative,National Bureau of Statistics of China via China Data Portal
2013-04,21.1,% YoY cumulative,National Bureau of Statistics of China via China Data Portal
2013-05,20.6,% YoY cumulative,National Bureau of Statistics of China via China Data Portal
2013-06,20.3,% YoY cumulative,National Bureau of Statistics of China via China Data Portal
2013-07,20.5,% YoY cumulative,National Bureau of Statistics of China via China Data Portal
2013-08,19.3,% YoY cumulative,National Bureau of Statistics of China via China Data Portal
2013-09,19.7,% YoY cumulative,National Bureau of Statistics of China via China Data Portal
2013-10,19.2,% YoY cumulative,National Bureau of Statistics of China via China Data Portal
2013-11,19.5,% YoY cumulative,National Bureau of Statistics of China via China Data Portal
2013-12,19.8,% YoY cumulative,National Bureau of Statistics of China via China Data Portal
2014-02,19.3,% YoY cumulative,National Bureau of Statistics of China via China Data Portal
2014-03,16.8,% YoY cumulative,National Bureau of Statistics of China via China Data Portal
2014-04,16.4,% YoY cumulative,National Bureau of Statistics of China via China Data Portal
2014-05,14.7,% YoY cumulative,National Bureau of Statistics of China via China Data Portal
2014-06,14.1,% YoY cumulative,National Bureau of Statistics of China via China Data Portal
2014-07,13.7,% YoY cumulative,National Bureau of Statistics of China via China Data Portal
2014-08,13.2,% YoY cumulative,National Bureau of Statistics of China via China Data Portal
2014-09,12.5,% YoY cumulative,National Bureau of Statistics of China via China Data Portal
2014-10,12.4,% YoY cumulative,National Bureau of Statistics of China via China Data Portal
2014-11,11.9,% YoY cumulative,National Bureau of Statistics of China via China Data Portal
2014-12,10.5,% YoY cumulative,National Bureau of Statistics of China via China Data Portal
2015-02,10.4,% YoY cumulative,National Bureau of Statistics of China via China Data Portal
2015-03,8.5,% YoY cumulative,National Bureau of Statistics of China via China Data Portal
2015-04,6.0,% YoY cumulative,National Bureau of Statistics of China via China Data Portal
2015-05,5.1,% YoY cumulative,National Bureau of Statistics of China via China Data Portal
2015-06,4.6,% YoY cumulative,National Bureau of Statistics of China via China Data Portal
2015-07,4.3,% YoY cumulative,National Bureau of Statistics of China via China Data Portal
2015-08,3.5,% YoY cumulative,National Bureau of Statistics of China via China Data Portal
2015-09,2.6,% YoY cumulative,National Bureau of Statistics of China via China Data Portal
2015-10,2.0,% YoY cumulative,National Bureau of Statistics of China via China Data Portal
2015-11,1.3,% YoY cumulative,National Bureau of Statistics of China via China Data Portal
2015-12,1.0,% YoY cumulative,National Bureau of Statistics of China via China Data Portal
2016-02,3.0,% YoY cumulative,National Bureau of Statistics of China via China Data Portal
2016-03,6.2,% YoY cumulative,National Bureau of Statistics of China via China Data Portal
2016-04,7.2,% YoY cumulative,National Bureau of Statistics of China via China Data Portal
2016-05,7.0,% YoY cumulative,National Bureau of Statistics of China via China Data Portal
2016-06,6.1,% YoY cumulative,National Bureau of Statistics of China via China Data Portal
2016-07,5.3,% YoY cumulative,National Bureau of Statistics of China via China Data Portal
2016-08,5.4,% YoY cumulative,National Bureau of Statistics of China via China Data Portal
2016-09,5.8,% YoY cumulative,National Bureau of Statistics of China via China Data Portal
2016-10,6.6,% YoY cumulative,National Bureau of Statistics of China via China Data Portal
2016-11,6.5,% YoY cumulative,National Bureau of Statistics of China via China Data Portal
2016-12,6.9,% YoY cumulative,National Bureau of Statistics of China via China Data Portal
2017-02,8.9,% YoY cumulative,National Bureau of Statistics of China via China Data Portal
2017-03,9.1,% YoY cumulative,National Bureau of Statistics of China via China Data Portal
2017-04,9.3,% YoY cumulative,National Bureau of Statistics of China via China Data Portal
2017-05,8.8,% YoY cumulative,National Bureau of Statistics of China via China Data Portal
2017-06,8.5,% YoY cumulative,National Bureau of Statistics of China via China Data Portal
2017-07,7.9,% YoY cumulative,National Bureau of Statistics of China via China Data Portal
2017-08,7.9,% YoY cumulative,National Bureau of Statistics of China via China Data Portal
2017-09,8.1,% YoY cumulative,National Bureau of Statistics of China via China Data Portal
2017-10,7.8,% YoY cumulative,National Bureau of Statistics of China via China Data Portal
2017-11,7.5,% YoY cumulative,National Bureau of Statistics of China via China Data Portal
2017-12,7.0,% YoY cumulative,National Bureau of Statistics of China via China Data Portal
2018-02,9.9,% YoY cumulative,National Bureau of Statistics of China via China Data Portal
2018-03,10.4,% YoY cumulative,National Bureau of Statistics of China via China Data Portal
2018-04,10.3,% YoY cumulative,National Bureau of Statistics of China via China Data Portal
2018-05,10.2,% YoY cumulative,National Bureau of Statistics of China via China Data Portal
2018-06,9.7,% YoY cumulative,National Bureau of Statistics of China via China Data Portal
2018-07,10.2,% YoY cumulative,National Bureau of Statistics of China via China Data Portal
2018-08,10.1,% YoY cumulative,National Bureau of Statistics of China via China Data Portal
2018-09,9.9,% YoY cumulative,National Bureau of Statistics of China via China Data Portal
2018-10,9.7,% YoY cumulative,National Bureau of Statistics of China via China Data Portal
2018-11,9.7,% YoY cumulative,National Bureau of Statistics of China via China Data Portal
2018-12,9.5,% YoY cumulative,National Bureau of Statistics of China via China Data Portal
2019-02,11.6,% YoY cumulative,National Bureau of Statistics of China via China Data Portal
2019-03,11.8,% YoY cumulative,National Bureau of Statistics of China via China Data Portal
2019-04,11.9,% YoY cumulative,National Bureau of Statistics of China via China Data Portal
2019-05,11.2,% YoY cumulative,National Bureau of Statistics of China via China Data Portal
2019-06,10.9,% YoY cumulative,National Bureau of Statistics of China via China Data Portal
2019-07,10.6,% YoY cumulative,National Bureau of Statistics of China via China Data Portal
2019-08,10.5,% YoY cumulative,National Bureau of Statistics of China via China Data Portal
2019-09,10.5,% YoY cumulative,National Bureau of Statistics of China via China Data Portal
2019-10,10.3,% YoY cumulative,National Bureau of Statistics of China via China Data Portal
2019-11,10.2,% YoY cumulative,National Bureau of Statistics of China via China Data Portal
2019-12,9.9,% YoY cumulative,National Bureau of Statistics of China via China Data Portal
2020-02,-16.3,% YoY cumulative,National Bureau of Statistics of China via China Data Portal
2020-03,-7.7,% YoY cumulative,National Bureau of Statistics of China via China Data Portal
2020-04,-3.3,% YoY cumulative,National Bureau of Statistics of China via China Data Portal
2020-05,-0.3,% YoY cumulative,National Bureau of Statistics of China via China Data Portal
2020-06,1.9,% YoY cumulative,National Bureau of Statistics of China via China Data Portal
2020-07,3.4,% YoY cumulative,National Bureau of Statistics of China via China Data Portal
2020-08,4.6,% YoY cumulative,National Bureau of Statistics of China via China Data Portal
2020-09,5.6,% YoY cumulative,National Bureau of Statistics of China via China Data Portal
2020-10,6.3,% YoY cumulative,National Bureau of Statistics of China via China Data Portal
2020-11,6.8,% YoY cumulative,National Bureau of Statistics of China via China Data Portal
2020-12,7.0,% YoY cumulative,National Bureau of Statistics of China via China Data Portal
2021-02,38.3,% YoY cumulative,National Bureau of Statistics of China via China Data Portal
2021-03,25.6,% YoY cumulative,National Bureau of Statistics of China via China Data Portal
2021-04,21.6,% YoY cumulative,National Bureau of Statistics of China via China Data Portal
2021-05,18.3,% YoY cumulative,National Bureau of Statistics of China via China Data Portal
2021-06,15.0,% YoY cumulative,National Bureau of Statistics of China via China Data Portal
2021-07,12.7,% YoY cumulative,National Bureau of Statistics of China via China Data Portal
2021-08,10.9,% YoY cumulative,National Bureau of Statistics of China via China Data Portal
2021-09,8.8,% YoY cumulative,National Bureau of Statistics of China via China Data Portal
2021-10,7.2,% YoY cumulative,National Bureau of Statistics of China via China Data Portal
2021-11,6.0,% YoY cumulative,National Bureau of Statistics of China via China Data Portal
2021-12,4.4,% YoY cumulative,National Bureau of Statistics of China via China Data Portal
2022-02,3.7,% YoY cumulative,National Bureau of Statistics of China via China Data Portal
2022-03,0.7,% YoY cumulative,National Bureau of Statistics of China via China Data Portal
2022-04,-2.7,% YoY cumulative,National Bureau of Statistics of China via China Data Portal
2022-05,-4.0,% YoY cumulative,National Bureau of Statistics of China via China Data Portal
2022-06,-5.4,% YoY cumulative,National Bureau of Statistics of China via China Data Portal
2022-07,-6.4,% YoY cumulative,National Bureau of Statistics of China via China Data Portal
2022-08,-7.4,% YoY cumulative,National Bureau of Statistics of China via China Data Portal
2022-09,-8.0,% YoY cumulative,National Bureau of Statistics of China via China Data Portal
2022-10,-8.8,% YoY cumulative,National Bureau of Statistics of China via China Data Portal
2022-11,-9.8,% YoY cumulative,National Bureau of Statistics of China via China Data Portal
2022-12,-10.0,% YoY cumulative,National Bureau of Statistics of China via China Data Portal
2023-02,-5.7,% YoY cumulative,National Bureau of Statistics of China via China Data Portal
2023-03,-5.8,% YoY cumulative,National Bureau of Statistics of China via China Data Portal
2023-04,-6.2,% YoY cumulative,National Bureau of Statistics of China via China Data Portal
2023-05,-7.2,% YoY cumulative,National Bureau of Statistics of China via China Data Portal
2023-06,-7.9,% YoY cumulative,National Bureau of Statistics of China via China Data Portal
2023-07,-8.5,% YoY cumulative,National Bureau of Statistics of China via China Data Portal
2023-08,-8.8,% YoY cumulative,National Bureau of Statistics of China via China Data Portal
2023-09,-9.1,% YoY cumulative,National Bureau of Statistics of China via China Data Portal
2023-10,-9.3,% YoY cumulative,National Bureau of Statistics of China via China Data Portal
2023-11,-9.4,% YoY cumulative,National Bureau of Statistics of China via China Data Portal
2023-12,-9.6,% YoY cumulative,National Bureau of Statistics of China via China Data Portal
2024-02,-9.0,% YoY cumulative,National Bureau of Statistics of China via China Data Portal
2024-03,-9.5,% YoY cumulative,National Bureau of Statistics of China via China Data Portal
2024-04,-9.8,% YoY cumulative,National Bureau of Statistics of China via China Data Portal
2024-05,-10.1,% YoY cumulative,National Bureau of Statistics of China via China Data Portal
2024-06,-10.1,% YoY cumulative,National Bureau of Statistics of China via China Data Portal
2024-07,-10.2,% YoY cumulative,National Bureau of Statistics of China via China Data Portal
2024-08,-10.2,% YoY cumulative,National Bureau of Statistics of China via China Data Portal
2024-09,-10.1,% YoY cumulative,National Bureau of Statistics of China via China Data Portal
2024-10,-10.3,% YoY cumulative,National Bureau of Statistics of China via China Data Portal
2024-11,-10.4,% YoY cumulative,National Bureau of Statistics of China via China Data Portal
2024-12,-10.6,% YoY cumulative,National Bureau of Statistics of China via China Data Portal
2025-02,-9.8,% YoY cumulative,National Bureau of Statistics of China via China Data Portal
2025-03,-9.9,% YoY cumulative,National Bureau of Statistics of China via China Data Portal
2025-04,-10.3,% YoY cumulative,National Bureau of Statistics of China via China Data Portal
2025-05,-10.7,% YoY cumulative,National Bureau of Statistics of China via China Data Portal
2025-06,-11.2,% YoY cumulative,National Bureau of Statistics of China via China Data Portal
2025-07,-12.0,% YoY cumulative,National Bureau of Statistics of China via China Data Portal
2025-08,-12.9,% YoY cumulative,National Bureau of Statistics of China via China Data Portal
2025-09,-13.9,% YoY cumulative,National Bureau of Statistics of China via China Data Portal
2025-10,-14.7,% YoY cumulative,National Bureau of Statistics of China via China Data Portal
2025-11,-15.9,% YoY cumulative,National Bureau of Statistics of China via China Data Portal
2025-12,-17.2,% YoY cumulative,National Bureau of Statistics of China via China Data Portal
2026-02,-11.1,% YoY cumulative,National Bureau of Statistics of China via China Data Portal
2026-03,-11.2,% YoY cumulative,National Bureau of Statistics of China via China Data Portal
2026-04,-13.7,% YoY cumulative,National Bureau of Statistics of China via China Data Portal
2026-05,-16.2,% YoY cumulative,National Bureau of Statistics of China via China Data Portal
2026-06,-18.0,% YoY cumulative,National Bureau of Statistics of China via China Data Portal
2026-07,-19.2,% YoY cumulative,National Bureau of Statistics of China via China Data Portal
