date,euro_area_ppi,euro_area_copper_production_ppi,euro_area_industrial_production,euro_area_construction_output,ecb_policy_rate,boj_call_rate,japan_ppi,japan_cpi,japan_industrial_production,indonesia_inflation_mom,drc_policy_rate,usd_cdf,drc_inflation_mom
2005-01,77.1,38.1,93.6,111.2,1.0,0.0011578947368421052,93.4,85.1,119.8,1.43,16.0,462.13882352941175,
2005-02,77.3,39.1,93.2,108.6,1.0,0.0011578947368421052,93.5,84.9,119.6,-0.17,20.0,473.3945,
2005-03,77.8,39.5,93.3,108.5,1.0,0.002045454545454545,93.7,85.1,120.0,1.91,65.0,494.78695652173917,
2005-04,78.1,40.2,94.7,110.8,1.0,0.0014,94.2,85.2,120.6,0.34,65.0,510.89300000000003,
2005-05,77.9,39.6,93.3,111.5,1.0,0.0011578947368421052,94.1,85.3,119.8,0.21,65.0,511.80600000000004,
2005-06,78.4,42.6,94.2,110.9,1.0,0.0010454545454545454,94.0,85.0,120.1,0.5,65.0,450.25619047619045,
2005-07,78.8,43.8,94.7,112.2,1.0,0.00115,94.5,84.9,119.2,0.78,31.8,487.5455,
2005-08,79.2,44.5,93.5,112.2,1.0,0.001,94.7,85.0,119.3,0.55,40.99,484.0752380952381,
2005-09,79.6,45.2,95.0,112.5,1.0,0.0010999999999999998,94.8,85.2,120.4,0.69,35.75,464.0233333333333,
2005-10,80.1,47.6,95.1,112.2,1.0,0.0013000000000000002,95.0,85.2,119.8,8.7,31.5,457.74899999999997,
2005-11,79.9,50.6,96.7,111.9,1.0,0.001,95.0,84.9,121.7,1.31,31.5,453.1752380952381,
2005-12,80.0,52.4,95.7,111.7,1.25,0.0013333333333333333,95.2,85.0,121.9,-0.04,28.75,436.371,
2006-01,80.9,54.0,96.4,111.1,1.25,0.0012631578947368421,95.3,85.0,122.5,1.36,25.5,435.0361111111111,
2006-02,81.2,56.8,96.3,111.6,1.25,0.00135,95.6,84.8,122.4,0.58,25.5,433.54210526315785,
2006-03,81.6,57.7,97.0,110.7,1.25,0.0022272727272727275,95.6,85.0,123.0,0.03,25.5,437.6182608695652,
2006-04,82.3,65.6,97.3,113.8,1.25,0.002,95.9,85.1,125.5,0.05,25.5,440.23368421052635,
2006-05,82.5,77.5,98.7,113.7,1.25,0.019950000000000002,96.4,85.4,123.7,0.37,28.5,446.3242857142857,
2006-06,82.7,74.0,98.8,114.4,1.25,0.03618181818181818,96.4,85.4,125.2,0.45,28.5,448.62,
2006-07,83.4,80.0,98.5,115.3,1.25,0.15460000000000002,96.9,85.1,125.7,0.45,28.5,455.31380952380954,
2006-08,83.3,78.8,98.7,115.1,1.25,0.24956521739130436,97.2,85.7,126.1,0.33,28.5,464.15631578947364,
2006-09,82.8,77.7,98.9,115.1,1.25,0.2609,97.4,85.7,126.1,0.38,35.0,487.79333333333335,
2006-10,82.8,78.3,98.6,118.5,1.25,0.253952380952381,96.9,85.5,127.1,0.86,45.0,519.1209523809524,
2006-11,82.8,73.3,99.5,119.7,1.25,0.257,96.8,85.1,127.6,0.34,45.0,531.6204545454545,
2006-12,82.7,71.2,101.1,123.2,2.5,0.25533333333333336,96.8,85.2,127.9,1.21,40.0,519.1563157894736,
2007-01,82.9,64.7,100.6,116.9,2.5,0.26721052631578945,96.8,85.0,126.4,1.04,40.0,531.2511764705882,
2007-02,83.1,63.8,101.1,118.9,2.5,0.35715789473684206,96.8,84.6,127.2,0.62,50.0,550.2239999999999,
2007-03,83.4,67.6,101.8,118.4,2.5,0.5094285714285715,96.8,84.9,127.2,0.24,40.0,559.1663157894736,
2007-04,83.7,75.7,100.4,118.6,2.5,0.5105999999999999,97.7,85.1,126.7,-0.16,30.0,551.674,
2007-05,84.0,76.5,102.1,117.8,2.5,0.5205238095238096,97.9,85.4,128.1,0.1,22.5,531.0957142857143,
2007-06,84.2,75.6,102.4,117.3,3.0,0.5099047619047619,98.0,85.2,128.2,0.23,22.5,497.2585,
2007-07,84.4,77.0,102.5,118.0,3.0,0.49919047619047624,98.6,85.1,128.3,0.72,22.5,495.6440909090909,
2007-08,84.5,75.5,103.0,117.8,3.0,0.48491304347826086,98.7,85.5,131.6,0.75,22.5,494.875,
2007-09,84.7,73.6,102.7,117.8,3.0,0.5101666666666667,98.6,85.5,129.5,0.8,22.5,495.83549999999997,
2007-10,85.2,75.5,103.5,117.9,3.0,0.506,98.9,85.8,132.0,0.79,,496.9034782608696,
2007-11,86.0,67.7,102.9,117.0,3.0,0.5000952380952381,99.1,85.6,130.1,0.18,22.5,497.633,
2007-12,86.0,64.1,103.4,117.6,3.0,0.4966315789473684,99.4,85.8,131.0,1.1,22.5,500.67449999999997,
2008-01,86.6,67.4,104.5,120.2,3.0,0.5023157894736843,99.7,85.6,131.6,1.77,22.5,524.9647368421053,
2008-02,87.0,71.7,104.5,120.8,3.0,0.50365,100.2,85.5,132.0,0.65,24.0,546.9342857142858,
2008-03,87.5,72.7,103.7,119.8,3.0,0.5105500000000001,100.7,85.9,130.8,0.95,24.0,554.4938095238095,
2008-04,88.0,73.7,105.1,116.9,3.0,0.5061428571428571,101.6,85.8,130.0,0.57,24.0,558.4472727272728,
2008-05,89.0,72.7,101.8,115.8,3.0,0.5045,102.8,86.5,130.6,1.41,24.0,558.2004761904761,
2008-06,90.1,71.4,102.1,115.8,3.0,0.5094761904761904,103.7,86.9,127.0,2.46,30.0,559.1135,
2008-07,91.2,71.7,101.2,114.7,3.0,0.5028636363636364,106.0,87.1,126.8,1.37,30.0,558.6540909090909,
2008-08,90.9,70.0,100.7,115.8,3.0,0.5039523809523809,106.1,87.3,122.4,0.51,30.0,559.101,
2008-09,90.9,68.1,99.9,113.3,3.0,0.49505,105.4,87.3,123.8,0.97,30.0,560.874761904762,
2008-10,90.3,57.5,97.8,111.5,3.0,0.4869090909090909,103.4,87.2,120.8,0.45,30.0,567.8265217391305,
2008-11,88.3,49.7,94.2,110.2,3.0,0.30144444444444446,101.5,86.5,112.7,0.12,30.0,583.0314999999999,
2008-12,86.7,42.1,90.4,108.1,2.0,0.211,100.2,86.1,103.5,-0.04,40.0,606.8923809523809,
2009-01,86.0,42.0,86.5,106.7,2.0,0.1201578947368421,98.7,85.6,94.3,-0.07,65.0,684.0583333333333,
2009-02,85.7,43.0,84.6,110.0,2.0,0.11078947368421052,98.2,85.4,86.2,0.21,65.0,730.8140000000001,
2009-03,85.0,45.5,83.5,109.1,2.0,0.1,98.0,85.6,87.3,0.22,65.0,794.0404545454545,
2009-04,84.3,51.2,82.4,108.2,2.0,0.10366666666666667,97.4,85.7,91.2,-0.31,65.0,835.0727272727272,
2009-05,84.4,50.1,84.3,107.5,2.0,0.10205555555555555,97.0,85.5,94.5,0.04,65.0,785.677,
2009-06,84.6,53.0,84.9,107.7,2.0,0.10395454545454545,96.7,85.4,96.3,0.11,65.0,765.5125,
2009-07,84.1,53.9,85.2,106.7,2.0,0.10163636363636365,97.1,85.1,97.6,0.45,65.0,772.3147826086957,
2009-08,84.5,59.4,85.3,106.5,2.0,0.10566666666666666,97.0,85.4,99.0,0.56,65.0,804.3028571428572,
2009-09,84.2,60.1,87.3,106.2,2.0,0.10247368421052631,97.1,85.4,102.4,1.05,65.0,842.8889999999999,
2009-10,84.3,59.4,87.0,104.7,2.0,0.10614285714285715,96.4,85.0,105.0,0.19,,870.325909090909,
2009-11,84.6,62.3,87.3,105.1,2.0,0.10526315789473684,96.4,84.9,107.2,-0.03,70.0,899.5469999999999,
2009-12,84.6,64.9,87.2,102.0,2.0,0.10114285714285715,96.5,84.7,108.1,0.33,70.0,904.3066666666666,
2010-01,85.2,70.4,88.6,100.6,2.0,0.09636842105263158,97.1,84.8,110.9,0.84,70.0,910.8683333333333,
2010-02,85.4,69.7,88.2,99.3,2.0,0.10068421052631579,97.1,84.7,111.3,-0.08,70.0,918.012,
2010-03,85.9,72.7,90.0,103.6,2.0,0.09731818181818182,97.1,85.0,111.5,-0.14,60.0,876.0121739130434,
2010-04,86.7,76.3,90.2,101.8,2.0,0.09285714285714286,97.4,85.0,112.7,0.15,52.0,897.9761904761905,
2010-05,87.2,74.6,92.2,101.6,2.0,0.09077777777777778,97.4,85.0,112.5,0.29,42.0,897.124,
2010-06,87.5,73.5,92.1,109.6,2.0,0.09481818181818182,97.1,84.8,111.6,0.97,42.0,899.5,
2010-07,87.7,72.5,91.7,98.5,2.0,0.09438095238095238,97.1,84.3,112.9,1.57,29.5,900.7909523809524,
2010-08,87.7,75.8,92.8,98.9,2.0,0.09499999999999999,97.0,84.4,113.3,0.76,22.0,901.3813636363636,
2010-09,88.0,77.3,92.7,99.5,2.0,0.09115,97.0,84.6,115.1,0.44,22.0,903.6495454545455,
2010-10,88.0,78.3,93.5,100.2,2.0,0.09085,96.9,84.9,111.9,0.06,22.0,907.9685,
2010-11,88.4,81.1,94.3,99.2,2.0,0.09054999999999999,96.8,84.6,113.6,0.6,22.0,910.9547619047619,
2010-12,89.1,86.0,95.1,92.4,2.0,0.08685714285714285,97.3,84.4,114.3,0.92,22.0,912.0663636363636,
2011-01,90.1,89.3,94.6,99.9,2.0,0.0848421052631579,97.7,84.3,114.8,0.89,29.5,920.9670588235294,
2011-02,90.6,91.1,95.5,100.9,2.0,0.09336842105263159,97.8,84.3,115.5,0.13,29.5,924.768,
2011-03,91.3,87.3,95.5,99.5,2.0,0.08459090909090909,98.3,84.5,96.5,-0.32,29.5,920.5747826086957,
2011-04,92.0,85.7,95.2,99.5,2.0,0.06225000000000001,99.1,84.6,98.6,-0.31,29.5,921.8361904761905,
2011-05,92.0,82.9,95.8,100.3,2.0,0.06931578947368422,98.9,84.6,105.3,0.12,29.5,925.3709523809524,
2011-06,91.9,83.0,94.3,97.7,2.0,0.0685,98.9,84.5,109.8,0.55,29.5,923.2790000000001,
2011-07,92.4,86.7,95.5,98.2,2.0,0.07315,99.2,84.5,111.1,0.67,29.5,922.6661904761905,
2011-08,92.3,83.3,95.5,98.4,2.0,0.08056521739130434,99.1,84.6,113.0,0.93,29.5,921.0618181818182,
2011-09,92.5,82.1,94.6,98.4,2.0,0.08005,98.9,84.6,112.0,0.27,29.5,921.7863636363636,
2011-10,92.5,75.6,94.3,96.1,2.0,0.08135,98.1,84.7,114.0,-0.12,24.5,920.9114285714286,
2011-11,92.7,76.5,94.5,99.0,2.0,0.07675,98.0,84.2,111.5,0.34,24.5,910.8340000000001,
2011-12,92.6,77.1,94.0,97.2,0.25,0.0778095238095238,98.0,84.2,113.7,0.57,20.0,899.2059999999999,1.632
2012-01,93.2,81.3,93.4,99.4,0.25,0.08047368421052631,97.9,84.4,114.2,0.76,20.0,918.3122222222222,0.511
2012-02,93.7,82.4,94.0,89.3,0.25,0.08485714285714285,98.1,84.6,114.0,0.05,20.0,920.5052380952382,0.09
2012-03,94.1,83.4,93.8,99.3,0.25,0.08395238095238095,98.6,85.0,113.7,0.07,17.0,921.6404545454545,0.057
2012-04,94.3,81.5,93.1,96.3,0.25,0.0745,98.4,85.0,113.2,0.21,17.0,922.1014285714286,0.049
2012-05,94.0,81.1,93.9,97.0,0.25,0.08357142857142856,98.0,84.8,111.2,0.07,12.75,923.7539999999999,0.05
2012-06,93.7,79.5,93.2,96.8,0.25,0.07638095238095237,97.5,84.3,110.3,0.62,9.5,921.594761904762,0.048
2012-07,94.0,81.2,93.4,97.0,0.0,0.08361904761904762,97.1,84.1,109.8,0.7,7.5,919.742857142857,0.058
2012-08,94.7,80.5,94.1,98.1,0.0,0.08634782608695653,97.2,84.2,108.1,0.95,7.5,919.2613636363636,0.055
2012-09,94.8,82.0,92.2,95.9,0.0,0.0848421052631579,97.5,84.3,105.8,0.01,6.0,918.4105263157894,0.082
2012-10,94.6,81.7,91.5,96.5,0.0,0.0849090909090909,97.1,84.3,106.1,0.16,6.0,916.8718181818182,
2012-11,94.4,80.2,90.8,96.0,0.0,0.08557142857142856,97.0,84.0,105.1,0.07,4.0,915.6166666666667,0.086
2012-12,94.1,81.2,91.4,94.3,0.0,0.0821578947368421,97.4,84.1,106.6,0.54,,914.997,0.073
2013-01,94.2,80.7,91.0,91.5,0.0,0.0828421052631579,97.6,84.1,104.8,1.03,4.0,915.8409523809523,0.068
2013-02,94.4,81.0,91.2,91.7,0.0,0.08657894736842105,98.0,84.0,106.7,0.75,4.0,917.9021052631579,0.042
2013-03,94.2,79.7,92.3,90.4,0.0,0.07805,98.1,84.2,108.0,0.63,3.0,917.2395238095238,0.055
2013-04,93.6,76.7,92.4,94.0,0.0,0.07214285714285713,98.5,84.4,108.0,-0.1,3.0,917.4385714285714,0.073
2013-05,93.4,76.0,92.4,94.0,0.0,0.07338095238095238,98.6,84.5,109.8,-0.03,3.0,918.8923809523809,0.059
2013-06,93.3,73.8,92.6,95.4,0.0,0.07435,98.6,84.5,108.5,1.03,3.0,918.369,0.114
2013-07,93.5,73.7,91.7,96.3,0.0,0.07336363636363635,99.1,84.7,110.3,3.29,3.0,918.0581818181818,0.163
2013-08,93.5,74.4,92.2,96.0,0.0,0.07345454545454545,99.4,84.9,110.5,1.12,3.0,918.0930000000001,0.082
2013-09,93.6,73.6,92.5,96.2,0.0,0.07152631578947369,99.7,85.2,111.6,-0.35,3.0,919.4366666666666,0.12
2013-10,93.1,73.4,91.9,96.5,0.0,0.07004545454545455,99.5,85.3,111.9,0.09,3.0,923.1260869565218,0.068
2013-11,93.1,73.0,93.1,95.2,0.0,0.0733,99.5,85.3,112.5,0.12,2.0,925.4745,0.152
2013-12,93.2,73.6,93.0,96.4,0.0,0.0737,99.8,85.4,112.5,0.55,2.0,926.4314285714287,0.11
2014-01,92.9,74.1,92.6,96.8,0.0,0.07257894736842105,100.0,85.3,114.7,1.07,2.0,927.3194736842105,0.143
2014-02,92.8,73.5,93.2,96.1,0.0,0.07657894736842105,99.8,85.3,113.5,0.26,2.0,927.5049999999999,0.152
2014-03,92.6,70.2,92.7,96.9,0.0,0.0721,99.8,85.5,115.2,0.08,,925.7405000000001,0.095
2014-04,92.5,69.8,94.2,96.9,0.0,0.06495238095238096,102.7,87.3,110.1,-0.02,2.0,924.3845454545454,0.123
2014-05,92.5,71.5,93.5,94.3,0.0,0.06760000000000001,103.0,87.6,112.6,0.16,2.0,924.8,0.083
2014-06,92.7,71.5,92.9,94.9,0.0,0.06704761904761905,103.1,87.6,110.9,0.43,2.0,925.039,0.068
2014-07,92.5,73.5,93.8,94.7,0.0,0.06581818181818182,103.5,87.6,110.6,0.93,2.0,924.0445454545454,0.049
2014-08,92.3,73.7,92.0,95.0,0.0,0.06861904761904762,103.4,87.8,110.0,0.47,2.0,924.2450000000001,0.043
2014-09,92.5,74.1,93.1,94.2,0.0,0.0664,103.3,88.0,111.3,0.27,2.0,924.3661904761905,0.057
2014-10,92.2,74.4,92.9,95.5,0.0,0.059000000000000004,102.3,87.8,111.0,0.47,2.0,925.014347826087,0.047
2014-11,91.9,74.7,92.7,93.6,0.0,0.0648888888888889,102.1,87.4,111.0,1.5,2.0,924.3652631578947,0.054
2014-12,91.0,73.8,93.9,94.8,0.0,0.06776190476190476,101.6,87.5,110.4,2.46,2.0,925.1063636363637,0.037
2015-01,90.1,71.9,93.2,94.8,0.0,0.07389473684210526,100.3,87.4,113.7,-0.24,2.0,925.5483333333333,0.047
2015-02,90.7,72.8,95.6,92.5,0.0,0.07621052631578946,100.3,87.2,110.3,-0.36,2.0,925.0145,0.057
2015-03,91.1,76.2,95.8,95.0,0.0,0.06968181818181818,100.5,87.5,109.8,0.17,2.0,925.6240909090909,0.062
2015-04,91.4,77.3,95.1,94.1,0.0,0.0609047619047619,100.5,87.9,110.0,0.36,2.0,925.525,0.053
2015-05,91.3,77.4,95.7,94.4,0.0,0.06927777777777779,100.7,88.1,110.0,0.5,2.0,924.721052631579,0.056
2015-06,91.3,74.5,96.0,94.4,0.0,0.07168181818181818,100.6,87.9,111.0,0.54,,925.5933333333332,0.077
2015-07,91.1,72.8,96.6,93.8,0.0,0.07395454545454545,100.2,87.8,110.9,0.93,2.0,925.3821739130435,0.063
2015-08,90.3,69.5,95.3,93.8,0.0,0.07638095238095237,99.5,87.9,109.0,0.39,2.0,925.7299999999999,0.065
2015-09,89.9,69.3,95.7,94.2,0.0,0.07336842105263157,99.1,88.0,111.2,-0.05,2.0,926.082380952381,0.096
2015-10,89.6,68.9,95.9,94.2,0.0,0.07609523809523809,98.4,88.0,111.3,-0.08,2.0,927.4495454545454,0.079
2015-11,89.7,67.3,95.5,95.4,0.0,0.07810526315789473,98.4,87.6,110.4,0.21,2.0,927.6404761904762,0.121
2015-12,89.1,65.5,95.4,95.2,0.0,0.07485714285714284,98.0,87.6,108.9,0.96,2.0,927.5154545454545,0.079
2016-01,88.2,64.2,97.3,97.1,0.0,0.07447368421052632,96.9,87.3,110.6,0.51,2.0,928.4888888888888,0.095
2016-02,87.6,64.4,95.9,95.5,0.0,0.0325,96.6,87.4,109.6,-0.09,2.0,930.2319047619047,0.163
2016-03,87.8,66.7,95.4,95.6,0.0,-0.002727272727272727,96.5,87.5,110.2,0.19,2.0,936.5154545454545,0.151
2016-04,87.6,65.8,96.8,96.0,0.0,-0.03655,96.1,87.7,109.8,-0.45,2.0,945.7042857142858,0.133
2016-05,88.1,65.0,95.3,95.9,0.0,-0.058894736842105264,96.1,87.7,108.9,0.24,2.0,952.3004999999999,0.486
2016-06,88.6,64.9,96.2,96.3,0.0,-0.05531818181818182,96.1,87.6,109.6,0.66,2.0,965.7066666666667,0.564
2016-07,88.8,67.0,96.0,96.9,0.0,-0.04305,96.0,87.4,110.3,0.69,2.0,991.6171428571428,0.57
2016-08,88.7,65.4,96.1,98.7,0.0,-0.04336363636363636,95.7,87.4,111.1,-0.02,7.0,1011.772380952381,1.046
2016-09,88.8,65.3,96.3,97.4,0.0,-0.05155,95.8,87.6,111.3,0.22,,1035.370909090909,1.471
2016-10,89.4,65.9,97.0,97.4,0.0,-0.0368,95.7,88.1,111.6,0.14,7.0,1090.5938095238096,1.817
2016-11,89.8,72.0,97.4,98.4,0.0,-0.0492,96.1,88.1,112.7,0.47,7.0,1147.3159090909091,4.194
2016-12,90.5,74.5,97.0,98.7,0.0,-0.044000000000000004,96.8,87.9,112.7,0.42,7.0,1202.1286363636364,1.524
2017-01,91.2,75.3,97.0,96.3,0.0,-0.04484210526315789,97.4,87.7,111.5,0.97,14.0,1252.501052631579,1.862
2017-02,91.3,77.2,97.6,99.8,0.0,-0.0381,97.6,87.6,112.3,0.23,14.0,1300.5115789473684,2.397
2017-03,91.2,76.8,97.5,100.7,0.0,-0.041590909090909095,97.9,87.6,112.2,-0.02,14.0,1341.9131818181818,3.095
2017-04,91.3,75.5,98.3,100.7,0.0,-0.05445,98.1,88.0,115.1,0.09,14.0,1387.034,3.0
2017-05,91.0,73.8,98.7,101.4,0.0,-0.052700000000000004,98.1,88.1,113.1,0.39,14.0,1419.8185714285714,7.399
2017-06,90.6,73.4,98.7,100.9,0.0,-0.05563636363636364,98.2,88.0,114.2,0.69,20.0,1465.1305,8.079
2017-07,90.5,74.6,99.7,100.8,0.0,-0.054200000000000005,98.4,87.8,113.3,0.22,20.0,1572.5761904761905,2.764
2017-08,90.6,76.2,100.6,101.6,0.0,-0.049272727272727274,98.4,88.0,115.0,-0.07,20.0,1545.1166666666668,2.698
2017-09,90.9,76.3,100.1,100.6,0.0,-0.05785,98.7,88.2,113.8,0.13,20.0,1562.034761904762,4.135
2017-10,90.9,79.7,100.2,102.1,0.0,-0.037142857142857144,99.1,88.3,114.2,0.01,20.0,1571.1372727272726,5.05
2017-11,91.5,78.5,102.9,102.0,0.0,-0.04825,99.5,88.6,115.2,0.2,20.0,1579.6680952380952,2.666
2017-12,91.8,79.3,102.8,102.7,0.0,-0.04223809523809524,99.7,88.8,116.9,0.71,20.0,1590.4630000000002,1.376
2018-01,92.1,79.6,100.8,100.6,0.0,-0.039578947368421054,100.0,88.9,112.3,0.62,20.0,1600.215789473684,0.713
2018-02,92.0,78.9,99.9,98.2,0.0,-0.04189473684210526,100.0,88.9,114.6,0.17,20.0,1612.537,0.836
2018-03,92.1,77.8,100.4,97.6,0.0,-0.06166666666666666,99.9,88.6,116.3,0.2,20.0,1616.5563636363636,0.73
2018-04,92.1,78.0,100.0,100.8,0.0,-0.0626,100.3,88.5,114.5,0.1,14.0,1618.141,1.194
2018-05,92.9,79.5,101.3,100.2,0.0,-0.0611904761904762,100.8,88.7,115.1,0.21,14.0,1619.1885714285713,0.251
2018-06,93.4,81.4,101.2,101.4,0.0,-0.071,101.1,88.6,114.3,0.59,14.0,1623.9061904761904,0.139
2018-07,93.8,76.7,99.8,101.8,0.0,-0.06995238095238096,101.5,88.6,113.8,0.28,14.0,1625.4859090909092,0.173
2018-08,94.0,75.3,101.1,101.9,0.0,-0.05917391304347826,101.5,89.1,114.5,-0.05,14.0,1628.0004761904763,0.207
2018-09,94.4,74.8,100.3,102.7,0.0,-0.058555555555555555,101.7,89.2,113.2,-0.18,14.0,1629.7995,0.417
2018-10,94.7,76.1,100.6,101.9,0.0,-0.060227272727272727,102.1,89.5,116.1,0.28,14.0,1631.3526086956522,0.478
2018-11,94.4,76.7,99.2,102.1,0.0,-0.0700952380952381,101.7,89.3,115.1,0.27,14.0,1632.296818181818,0.493
2018-12,93.8,75.9,99.4,103.9,0.0,-0.06763157894736843,101.1,89.0,115.2,0.62,14.0,1632.7615,0.271
2019-01,94.0,74.9,100.4,100.6,0.0,-0.06421052631578947,100.5,89.1,112.5,0.32,14.0,1637.371111111111,0.434
2019-02,94.0,77.2,99.8,103.7,0.0,-0.05521052631578947,100.9,89.1,114.3,-0.08,14.0,1637.0405,0.275
2019-03,94.0,78.7,99.9,103.8,0.0,-0.0441,101.2,89.1,113.4,0.11,14.0,1639.2914285714287,0.37
2019-04,94.1,78.9,99.8,103.6,0.0,-0.0675,101.6,89.3,112.9,0.44,9.0,1639.3866666666668,0.38
2019-05,94.0,76.6,100.3,102.8,0.0,-0.04952631578947369,101.4,89.3,114.8,0.68,9.0,1640.5690476190475,0.349
2019-06,93.5,74.9,99.2,103.0,0.0,-0.06255000000000001,100.9,89.2,112.8,0.55,9.0,1644.2168421052634,0.251
2019-07,93.5,75.5,98.9,102.9,0.0,-0.07086363636363636,100.8,89.1,113.0,0.31,9.0,1647.6978260869566,0.369
2019-08,93.2,73.9,99.4,102.6,0.0,-0.04566666666666667,100.6,89.4,111.5,0.12,9.0,1652.2044999999998,0.378
2019-09,93.4,75.0,99.3,103.3,0.0,-0.059473684210526324,100.6,89.4,113.4,-0.27,9.0,1653.719523809524,0.429
2019-10,93.2,74.5,99.9,102.5,0.0,-0.02180952380952381,101.7,89.7,107.9,0.02,9.0,1654.0086363636365,0.395
2019-11,93.4,75.1,98.5,102.7,0.0,-0.0434,101.8,89.8,107.8,0.14,9.0,1658.7738095238096,0.594
2019-12,93.4,76.4,96.7,102.3,0.0,-0.03761904761904762,102.0,89.7,108.2,0.34,9.0,1668.9628571428573,0.507
2020-01,93.5,76.8,99.2,104.8,0.0,-0.031842105263157894,102.1,89.8,108.8,0.39,9.0,1679.4227777777778,0.256
2020-02,93.1,75.1,98.6,103.4,0.0,-0.016388888888888887,101.7,89.6,105.8,0.28,9.0,1687.7150000000001,0.884
2020-03,91.6,71.2,87.4,86.9,0.0,-0.04690476190476191,100.8,89.6,105.8,0.1,7.5,1701.7509523809522,2.198
2020-04,89.9,70.7,71.2,71.1,0.0,-0.03552380952380953,99.2,89.5,95.2,0.08,7.5,1717.9627272727273,2.299
2020-05,89.6,71.3,81.2,90.5,0.0,-0.04677777777777778,98.7,89.5,87.6,0.07,7.5,1803.0085,2.553
2020-06,90.1,73.1,88.7,97.5,0.0,-0.04754545454545455,99.3,89.3,89.4,0.18,7.5,1865.6740000000002,2.948
2020-07,90.5,76.7,92.8,98.5,0.0,-0.02780952380952381,99.8,89.3,95.3,-0.1,7.5,1944.8449999999998,1.256
2020-08,90.5,76.1,93.6,101.3,0.0,-0.0351,99.9,89.4,97.2,-0.05,18.5,1959.9785,0.295
2020-09,90.6,78.1,94.0,99.4,0.0,-0.054000000000000006,99.8,89.2,100.5,-0.05,18.5,1961.1931818181818,0.455
2020-10,90.9,78.5,96.8,99.1,0.0,-0.019545454545454546,99.5,89.2,103.6,0.07,18.5,1963.2542857142855,0.34
2020-11,91.1,80.9,99.4,100.6,0.0,-0.032105263157894734,99.4,88.9,103.7,0.28,18.5,1965.449,0.784
2020-12,91.5,84.3,98.6,102.3,0.0,-0.025954545454545452,99.8,88.7,103.2,0.45,18.5,1969.4968181818183,0.367
2021-01,92.9,86.3,100.2,98.4,0.0,-0.01663157894736842,100.3,89.2,106.4,0.26,18.5,1976.108888888889,0.347
2021-02,93.6,90.0,98.8,95.9,0.0,-0.015499999999999998,100.8,89.1,105.9,0.1,18.5,1980.5757894736844,0.312
2021-03,94.6,95.1,100.0,100.6,0.0,-0.016608695652173912,101.8,89.2,106.5,0.08,15.5,1980.9545454545455,0.466
2021-04,95.5,97.5,100.8,100.1,0.0,-0.012285714285714285,103.0,88.5,108.8,0.13,10.5,1985.6271428571429,0.433
2021-05,96.5,103.1,99.5,100.5,0.0,-0.017166666666666667,103.6,88.8,104.8,0.32,10.5,1989.065,0.385
2021-06,97.7,100.4,100.0,100.6,0.0,-0.029227272727272727,104.3,88.9,109.0,-0.16,8.5,1989.4133333333334,0.419
2021-07,99.8,101.5,101.3,100.2,0.0,-0.036,105.4,89.1,107.4,0.08,8.5,1988.9063636363637,0.311
2021-08,100.7,101.9,99.0,99.4,0.0,-0.03380952380952381,105.6,89.1,103.8,0.03,8.5,1991.9266666666667,0.301
2021-09,102.7,102.1,99.1,101.2,0.0,-0.0222,106.0,89.4,98.8,-0.04,8.5,1993.0327272727272,0.379
2021-10,106.9,106.9,99.3,101.4,0.0,-0.027428571428571427,107.7,89.3,101.4,0.12,8.5,1997.5266666666666,0.542
2021-11,108.5,107.8,100.0,101.4,0.0,-0.03985,108.4,89.4,107.0,0.37,8.5,1999.6704761904762,0.896
2021-12,110.6,107.3,102.1,100.3,0.0,-0.025636363636363638,108.4,89.4,105.4,0.57,7.5,1999.73,0.472
2022-01,115.8,110.1,101.2,102.3,0.0,-0.019736842105263157,109.5,89.6,104.6,0.56,7.5,1999.408947368421,0.414
2022-02,116.9,112.5,101.9,102.8,0.0,-0.018333333333333333,110.4,90.0,106.0,-0.02,7.5,2000.343,1.41
2022-03,122.4,116.5,100.0,102.9,0.0,-0.008045454545454545,111.5,90.3,105.7,0.66,7.5,1999.9117391304349,1.033
2022-04,124.1,119.8,100.2,101.8,0.0,-0.012,113.5,90.7,105.3,0.95,,2003.4833333333333,1.052
2022-05,125.0,116.5,102.3,102.4,0.0,-0.017578947368421055,113.5,91.0,100.7,0.4,7.5,2004.598095238095,1.308
2022-06,126.7,114.8,102.2,102.0,0.0,-0.03786363636363636,114.5,91.0,105.7,0.61,7.5,2004.6328571428571,0.956
2022-07,130.4,104.4,100.4,101.2,0.0,-0.012199999999999999,115.4,91.4,106.3,0.64,7.5,2004.985714285714,1.093
2022-08,134.4,108.2,102.5,101.9,0.0,-0.018227272727272727,115.9,91.7,107.8,-0.21,7.5,2008.125,1.528
2022-09,135.9,107.8,103.7,101.5,0.75,-0.048549999999999996,117.0,92.1,107.3,1.17,7.5,2012.435,0.894
2022-10,133.8,108.0,102.6,102.3,0.75,-0.0495,118.2,92.6,105.5,-0.11,7.5,2012.5955000000001,0.835
2022-11,132.6,109.2,102.9,102.5,1.5,-0.06745,119.2,92.8,105.5,0.09,7.5,2013.3995238095238,1.416
2022-12,133.0,108.6,100.8,100.4,2.0,-0.0659090909090909,119.9,93.0,104.9,0.66,8.25,2014.5704545454546,2.544
2023-01,130.2,114.3,102.4,103.4,2.0,-0.01968421052631579,120.0,93.5,101.1,0.34,8.25,2027.0084210526318,1.59
2023-02,129.5,113.7,103.5,105.4,2.5,-0.018894736842105263,119.7,92.9,104.5,0.16,8.25,2034.8925,1.475
2023-03,128.2,112.3,100.5,103.8,3.0,-0.017136363636363637,119.8,93.3,104.9,0.18,9.0,2036.8500000000001,1.01
2023-04,124.6,111.8,100.7,103.6,3.0,-0.015,120.4,93.8,105.2,0.33,9.0,2071.148947368421,0.793
2023-05,122.8,107.7,101.0,104.7,3.0,-0.050949999999999995,119.6,93.9,104.1,0.09,9.0,2289.7615,2.292
2023-06,122.5,108.4,101.8,104.5,3.5,-0.06622727272727273,119.6,94.0,105.0,0.14,11.0,2364.7666666666664,5.792
2023-07,121.9,107.0,99.0,105.0,3.5,-0.04645,119.7,94.4,103.5,0.21,25.0,2445.42,0.865
2023-08,122.7,106.2,98.6,104.1,3.75,-0.06336363636363636,120.0,94.6,103.1,-0.02,25.0,2453.9545454545455,0.539
2023-09,123.5,107.6,98.4,104.7,4.0,-0.05395,119.8,94.9,103.2,0.19,25.0,2443.099523809524,0.725
2023-10,123.6,105.4,97.9,103.9,4.0,-0.02019047619047619,119.6,95.7,104.4,0.17,25.0,2533.5285714285715,2.33
2023-11,123.0,105.5,98.8,103.6,4.0,-0.01465,119.9,95.5,103.8,0.38,25.0,2616.2804545454546,1.653
2023-12,122.2,106.3,98.5,103.9,4.0,-0.012380952380952381,120.2,95.4,105.0,0.41,25.0,2654.556,1.376
2024-01,121.5,105.9,97.5,103.6,4.0,-0.013526315789473685,120.4,95.5,97.7,0.04,25.0,2698.3494444444445,1.333
2024-02,120.8,106.4,97.6,104.1,4.0,-0.006105263157894737,120.6,95.5,98.0,0.37,25.0,2737.2442857142855,1.048
2024-03,120.4,109.5,97.1,103.0,4.0,0.02175,121.0,95.8,101.4,0.52,25.0,2765.9990476190474,0.721
2024-04,119.8,115.1,97.6,102.2,4.0,0.0769047619047619,121.8,96.2,100.8,0.25,25.0,2782.282857142857,1.451
2024-05,119.7,120.9,96.0,101.6,4.0,0.07714285714285714,122.7,96.5,101.9,-0.03,25.0,2791.9852380952384,1.249
2024-06,120.2,118.9,97.7,102.6,3.75,0.0774,123.0,96.6,100.7,-0.08,25.0,2830.0225,0.99
2024-07,120.9,117.3,97.0,101.9,3.75,0.07790909090909091,123.6,97.0,102.5,-0.18,25.0,2839.570909090909,0.832
2024-08,121.3,112.5,97.5,102.1,3.75,0.2270952380952381,123.2,97.5,100.5,-0.03,25.0,2836.7395238095237,0.464
2024-09,120.7,113.3,96.6,101.9,3.75,0.22689473684210526,123.6,97.3,101.2,-0.12,25.0,2840.4205,0.572
2024-10,121.3,115.8,96.9,101.5,3.25,0.22709090909090912,124.2,97.9,103.0,0.08,25.0,2843.5617391304345,0.41
2024-11,122.7,115.0,96.9,103.2,3.25,0.2272,124.6,98.3,101.3,0.3,25.0,2845.8285,0.665
2024-12,123.1,114.8,96.5,102.8,3.0,0.2271904761904762,125.1,98.9,101.0,0.44,25.0,2837.9533333333334,1.013
2025-01,124.0,116.2,98.0,107.0,3.0,0.29331578947368425,125.5,99.3,101.9,-0.76,25.0,2836.98,0.713
2025-02,124.3,118.8,98.8,105.8,2.75,0.47777777777777775,125.8,98.9,102.0,-0.48,25.0,2852.257894736842,0.611
2025-03,122.6,118.1,101.4,104.8,2.5,0.4768,126.2,99.2,101.4,1.65,25.0,2859.289047619048,0.568
2025-04,120.6,114.1,97.9,104.9,2.25,0.47657142857142853,126.6,99.7,100.5,1.17,25.0,2856.8133333333335,0.641
2025-05,120.2,115.1,99.0,104.0,2.25,0.47675,126.5,100.0,101.8,-0.37,25.0,2853.8215,0.597
2025-06,120.8,114.6,98.6,104.3,2.0,0.4773333333333333,126.4,99.9,101.5,0.19,25.0,2864.4565,0.655
2025-07,121.1,113.3,98.7,105.0,2.0,0.47754545454545455,126.7,100.1,100.5,0.3,25.0,2873.481818181818,0.596
2025-08,120.8,113.6,98.5,104.3,2.0,0.47695,126.4,100.3,99.2,-0.08,25.0,2866.062,0.486
2025-09,120.8,115.7,98.1,103.8,2.0,0.47734999999999994,127.0,100.1,101.0,0.21,25.0,2770.312272727273,-4.348
2025-10,120.9,119.9,98.5,104.9,2.0,0.477,127.6,100.7,101.6,0.28,17.5,2285.7568181818183,0.087
2025-11,121.6,122.2,98.8,103.7,2.0,0.4777222222222222,128.0,101.0,99.6,0.17,17.5,2190.318,0.74
2025-12,121.2,127.9,98.4,104.0,2.0,0.5572272727272728,128.1,100.9,100.2,0.64,17.5,2214.695,1.012
2026-01,122.0,137.6,97.4,102.8,2.0,0.7276842105263158,128.5,100.8,104.5,-0.15,15.0,2191.454117647059,0.587
2026-02,121.4,136.3,97.7,102.3,2.0,0.728,128.5,100.2,102.4,0.68,15.0,2205.8505,0.709
2026-03,124.8,138.4,98.1,104.2,2.0,0.7276666666666666,129.8,100.6,102.0,0.41,15.0,2252.825909090909,0.98
2026-04,125.4,139.1,98.4,104.2,2.0,0.7271428571428571,133.4,101.0,102.5,0.13,13.5,2302.5785714285716,0.668
2026-05,125.8,143.6,98.8,104.3,2.0,0.7270555555555556,134.9,101.5,102.6,0.28,13.5,2249.5350000000003,0.779
2026-06,125.7,145.0,98.8,103.0,2.25,0.840590909090909,135.6,101.6,104.6,0.44,13.5,2270.310433333333,0.962
2026-07,,,,,2.25,0.9778636363636363,135.8,102.0,,-0.14,12.5,2255.8647227272727,
2026-08,,,,,2.25,0.97725,,,,0.21,,2263.1562944444445,
