date,turkey_usd_try_monthly_average,turkey_eur_try_monthly_average,turkey_cpi_index,turkey_domestic_ppi_index,turkey_unemployment_rate_percent,turkey_real_sector_confidence_index,turkey_consumer_confidence_index,turkey_manufacturing_capacity_utilization_percent,turkey_ppi_metal_ores_index,turkey_ppi_nonferrous_metal_ores_index,turkey_ppi_basic_metals_index,turkey_ppi_nonferrous_metals_index,turkey_ppi_electrical_equipment_index,turkey_ppi_wire_cable_index,turkey_ppi_household_appliances_index,turkey_ppi_motor_vehicles_index,turkey_capacity_intermediate_goods_percent,turkey_capacity_investment_goods_percent,turkey_capacity_basic_metals_percent,turkey_capacity_fabricated_metals_percent,turkey_capacity_electrical_equipment_percent,turkey_capacity_machinery_percent,turkey_capacity_motor_vehicles_percent,turkey_exports_usd,turkey_imports_usd,turkey_foreign_trade_balance_usd
2015-01-01,2.32834286,2.71621429,7.86779672,236.61,10.5,104.9,89.34781946,74.7,522.9,645.67,296.99,408.88,213.86,329.06,177.28,165.93,75.9,74.9,74.22028421,73.29739923,70.62051853,76.71236713,74.14788953,12910127485.0,17055167311.999998,-4145039826.999998
2015-02-01,2.455225,2.78988,7.92402893,239.46,10.7,104.5,88.79512567,75.2,559.68,691.12,298.56,421.59,215.9,329.45,178.3,165.98,76.0,74.3,74.94991134,71.7944708,72.15651798,76.81363564,73.70225514,12846416717.0,17781871290.0,-4935454573.0
2015-03-01,2.58384091,2.80465,8.0179587,241.97,10.5,100.0,86.48973828,75.4,576.13,712.71,303.13,445.93,219.51,336.37,179.13,167.05,75.2,75.7,73.79243269,71.94744863,75.4487496,78.49150777,75.17982354,13215986349.0,19529300806.0,-6313314457.0
2015-04-01,2.64814286,2.85340476,8.14864361,245.42,10.5,104.3,87.4218562,77.3,586.33,729.17,307.36,461.12,224.57,348.31,181.51,168.71,76.7,79.3,75.70925421,72.11678736,76.87851565,81.26108737,80.26048272,13953422579.0,18760215906.0,-4806793327.0
2015-05-01,2.64613684,2.95511053,8.19450898,248.15,10.2,105.8,86.79943005,77.5,586.09,733.55,310.68,472.02,226.86,350.35,185.64,170.54,78.3,80.3,77.61405784,72.87553693,77.03482073,80.72935882,82.25402005,11607981553.0,18319537273.0,-6711555720.0
2015-06-01,2.70115909,3.02674545,8.15241336,248.78,10.2,101.9,89.62664021,77.4,584.37,731.57,309.84,456.85,227.29,353.0,184.27,170.82,78.2,78.9,77.05556218,73.56088766,78.22017353,75.97134144,81.39203652,12606056614.0,18734960924.0,-6128904310.0
2015-07-01,2.69460455,2.97098182,8.15963873,247.99,10.1,102.5,88.23777123,78.0,566.43,699.57,301.92,442.89,227.81,358.13,184.84,171.46,78.4,80.3,76.72493521,74.14864928,78.86489873,80.33866377,82.25376427,11745880832.0,18976962902.0,-7231082070.0
2015-08-01,2.84555714,3.16721905,8.19230996,250.43,10.1,102.8,85.19583541,76.5,580.2,716.77,306.39,443.55,232.28,360.25,185.62,173.11,77.6,76.6,75.16875621,74.08689693,76.18807805,80.01956601,76.42767146,11522156393.0,16420827882.0,-4898671489.0
2015-09-01,3.002715,3.3749,8.26550607,254.25,10.2,99.0,82.15391598,77.6,602.46,748.88,312.97,467.75,239.7,365.26,192.01,176.82,78.0,80.3,76.43255451,73.85433911,78.33692327,80.43615515,82.72667041,12065120414.0,15912472711.0,-3847352297.0
2015-10-01,2.92957619,3.29860476,8.39399195,253.74,10.2,101.6,86.03619339,76.9,595.4,741.26,302.68,459.32,238.98,362.46,193.24,178.69,76.9,79.4,74.61809777,72.86102013,78.00438124,77.39415283,82.36304808,13838696312.0,17372152876.0,-3533456564.0
2015-11-01,2.87128571,3.08943333,8.44991001,250.13,10.2,107.4,95.15385967,77.7,576.83,714.01,292.09,430.86,237.25,359.38,194.1,178.79,78.1,80.6,76.83236306,72.88966223,78.74979836,79.26190448,83.26947817,12311852097.0,16256783239.0,-3944931142.0
2015-12-01,2.91723478,3.1696913,8.46750221,249.31,10.4,106.6,93.34194317,77.9,565.36,695.71,286.85,426.66,237.76,357.63,193.75,178.65,77.5,80.9,75.43970954,72.9241332,78.64997367,78.64059995,84.07687352,12358416421.0,18498958334.0,-6140541913.0
2016-01-01,3.00695,3.26692,8.62143395,250.67,10.2,106.5,91.94618912,77.5,580.06,725.7,285.53,434.69,240.02,357.72,197.96,179.91,76.3,79.7,75.37637358,73.19447909,78.46588732,74.41287752,83.57428638,9956568792.0,13635978706.0,-3679409914.0
2016-02-01,2.9406619,3.2628,8.61954907,250.16,10.1,105.1,89.68277974,77.1,583.23,736.89,282.84,428.73,240.77,358.05,197.75,180.59,75.8,77.4,75.19722689,72.18541953,74.83363158,76.12295067,79.37665073,12939347180.0,16112878421.0,-3173531241.0
2016-03-01,2.89173913,3.20634783,8.61609346,251.17,10.2,104.6,89.86856283,77.6,595.1,763.34,288.98,439.86,242.03,359.78,199.15,180.81,76.5,79.7,75.34990314,73.12377766,73.35995059,77.7682996,82.08392422,13384191887.0,18252854117.0,-4868662230.0
2016-04-01,2.8347381,3.21340476,8.68363494,252.47,10.1,105.3,91.24925912,77.4,589.21,757.44,296.6,431.86,242.46,359.0,199.49,179.84,77.2,81.2,74.87228688,73.22324368,75.03726886,77.99755561,83.90698896,12533489672.0,16396255049.0,-3862765377.0
2016-05-01,2.92659524,3.31473333,8.73389836,256.21,10.3,105.0,91.69577383,77.6,604.28,783.21,314.19,436.55,244.55,361.1,201.39,180.99,78.4,81.3,78.00285515,73.26570724,75.4536238,78.04569547,84.04077965,12637024952.0,17684751760.0,-5047726808.0
2016-06-01,2.91698636,3.27736364,8.77505154,257.27,10.7,104.1,92.00708656,77.6,617.52,797.55,311.05,435.03,245.22,359.6,201.83,181.52,78.6,81.5,78.34608081,74.05683394,77.46193511,77.33642991,84.74090561,13465844799.0,19866846221.0,-6401001422.0
2016-07-01,2.95755556,3.27096667,8.87714912,257.81,11.1,105.7,89.65780433,77.3,635.24,836.96,309.98,448.4,245.7,361.2,202.46,181.87,77.3,82.5,75.59308547,72.86015445,78.39923274,77.71004516,86.38911023,10286292933.0,15128604111.0,-4842311178.0
2016-08-01,2.96286364,3.32074545,8.85138912,258.01,11.1,101.7,95.16622045,76.0,636.66,844.9,309.45,447.14,246.28,362.32,201.71,183.3,76.4,79.2,75.11839356,71.99646098,78.42094377,76.38269351,81.94065092,12342120329.0,16859473730.0,-4517353401.0
2016-09-01,2.9601,3.31651111,8.86741058,258.77,11.6,106.6,94.77673501,77.6,639.41,843.06,306.43,430.76,246.3,362.46,202.38,184.09,78.2,80.2,78.3016587,72.72774894,80.24752091,76.25724588,83.46508966,11376777023.0,15644417046.0,-4267640023.0
2016-10-01,3.06794286,3.38664286,8.99495402,260.94,11.5,104.9,95.02017291,77.5,643.12,841.18,313.19,442.01,249.99,363.12,204.56,184.7,78.0,81.4,77.66938908,73.06763465,81.63332138,73.08836052,85.82158565,13491939034.0,17023966733.0,-3532027699.0
2016-11-01,3.26745,3.53438636,9.04144769,266.16,11.6,108.2,91.40910273,77.5,665.64,882.55,344.91,498.63,254.45,375.92,203.25,187.43,78.0,81.2,77.77735849,72.65461169,80.88617746,72.75563162,85.42660945,13378228023.0,17023106094.999998,-3644878071.999998
2016-12-01,3.48892727,3.68128182,9.19003894,274.09,12.1,103.9,87.00704722,78.0,691.99,894.79,374.67,548.68,262.61,398.42,204.71,191.02,77.8,82.8,77.6147947,72.19716798,78.77683505,78.30419176,86.5516269,13455174639.0,18560109870.0,-5104935231.0
2017-01-01,3.73488636,3.96548636,9.41622435,284.99,12.0,100.6,88.38577383,77.4,738.9,969.23,403.2,593.64,275.59,428.88,211.79,197.89,76.5,82.0,76.84447011,70.39760105,74.4816755,75.84671698,86.16330618,11738727564.0,16090782410.0,-4352054846.0
2017-02-01,3.67236,3.91099,9.49256193,288.59,11.9,106.2,87.63446247,77.7,754.41,992.89,406.89,590.89,276.71,435.17,210.52,201.41,76.5,81.0,77.21981811,69.42645057,74.48319196,76.88651358,84.55564842,12643609013.0,16266371713.0,-3622762700.0
2017-03-01,3.66594348,3.91577391,9.58900488,291.58,11.9,106.5,89.89268569,77.9,754.62,990.6,419.97,592.33,278.75,436.08,209.94,204.74,77.2,81.1,77.52686281,70.83972676,76.55986924,75.49556896,85.04274464,15075608163.0,19443396974.0,-4367788811.0
2017-04-01,3.653835,3.9101,9.71434929,293.79,11.6,106.3,91.95329234,78.8,739.28,983.34,423.2,589.03,280.83,437.05,212.38,204.89,79.0,84.3,80.02306197,72.37428909,80.03258076,79.62492904,87.42875764,13420425677.0,17863642558.0,-4443216881.0
2017-05-01,3.5638619,3.93238571,9.7577015,295.31,11.1,104.8,94.22008486,78.9,724.14,959.28,419.01,573.27,282.7,437.99,213.89,206.33,79.6,84.2,79.31922489,72.59873941,80.9413799,79.26710471,87.73777628,14213768007.0,21342618900.0,-7128850893.0
2017-06-01,3.51899,3.94866,9.73162734,295.52,11.0,108.8,92.67384966,78.6,724.09,963.81,417.34,568.66,284.58,437.62,216.83,207.79,80.3,83.7,80.84537199,72.14129282,80.97267333,79.9804746,87.08562075,13671983566.0,19570302007.0,-5898318441.0
2017-07-01,3.55986667,4.09142381,9.74607808,297.65,10.6,107.7,93.21031619,78.4,720.66,957.26,424.0,580.14,287.19,440.49,217.67,210.47,79.7,83.9,79.6015485,72.95273465,80.47304354,81.18170137,87.09613186,13179496037.0,21886375191.0,-8706879154.0
2017-08-01,3.50936957,4.1435913,9.79665565,300.18,10.5,110.2,93.49159227,78.1,727.45,971.41,441.09,599.67,290.91,445.94,221.8,213.07,79.9,82.9,79.91265703,73.52912308,78.96247262,80.46010675,85.36755028,13916052548.0,19473137026.0,-5557084478.0
2017-09-01,3.46547143,4.1382,9.86042737,300.9,10.3,111.2,92.00099804,78.6,736.2,987.53,454.67,607.1,294.05,450.64,224.47,213.84,79.4,82.7,77.37421992,73.23521508,83.12140097,78.7951051,85.59635532,12391566740.0,20792641510.0,-8401074770.0
2017-10-01,3.66225909,4.30829091,10.06525083,306.04,10.3,112.2,89.59682333,79.4,751.37,1010.64,470.77,641.87,294.97,455.91,221.58,218.22,79.8,83.7,79.91056986,73.12302497,79.8854972,81.13591706,86.20976583,14672918156.0,21653372885.0,-6980454729.0
2017-11-01,3.87905,4.54962727,10.21541281,312.21,10.1,109.8,87.35353412,79.5,781.58,1058.73,492.76,682.54,305.53,478.26,228.93,223.84,80.2,84.3,80.51481083,72.41397803,77.86747825,81.13136543,86.98517722,14909379879.0,20984733452.0,-6075353573.0
2017-12-01,3.84770476,4.55251905,10.28546746,316.48,9.9,109.2,87.80834831,79.0,769.23,1038.07,508.97,677.82,313.19,496.84,234.61,229.93,80.3,84.0,80.82694503,72.89570621,76.54611205,80.55284019,86.6848458,14661083966.0,23347753286.0,-8686669320.0
2018-01-01,3.7723087,4.58798696,10.39039236,319.6,9.8,110.9,92.38315817,78.7,769.73,1038.14,515.63,699.19,315.15,507.81,235.24,236.54,79.8,82.3,80.47305739,71.62328565,75.5766097,80.01274598,84.39970342,13080096762.0,22177186457.0,-9097089695.0
2018-02-01,3.77802,4.67317,10.46641579,328.17,10.0,110.8,92.97420649,78.8,787.82,1066.27,523.27,699.37,318.72,511.79,238.34,239.95,80.6,81.8,82.48922968,73.56922536,74.47980223,79.97456968,83.73695387,13827132655.0,19877242641.0,-6050109986.0
2018-03-01,3.88087727,4.78546364,10.57039825,333.21,10.0,109.5,92.27549812,79.1,806.5,1093.27,542.1,698.4,323.99,521.09,240.96,246.79,80.0,83.8,81.4570228,73.93116214,76.29788959,79.95337027,86.75175631,16338253918.0,22262238298.0,-5923984380.0
2018-04-01,4.0530381,4.98300476,10.76831048,341.88,10.2,106.8,91.65107817,77.7,845.3,1147.14,563.23,734.36,329.24,528.17,243.91,253.02,78.9,80.9,80.47904892,73.6863053,76.71286738,78.72134565,86.54101048,14530822873.0,21203475430.0,-6672652557.0
2018-05-01,4.39787391,5.20792174,10.94297588,354.85,10.6,106.7,90.94874696,78.2,897.83,1227.21,589.48,789.57,337.72,538.3,249.62,258.24,80.2,80.9,81.09587313,72.43518375,78.1370285,78.06138111,87.18381117,15166648044.0,23190666032.0,-8024017988.0
2018-06-01,4.62822,5.40696,11.22884911,365.6,10.7,102.5,91.05238239,78.1,921.55,1261.84,618.99,827.28,355.21,587.08,259.99,265.48,80.0,79.7,79.96870501,74.00976809,78.6922662,77.3073498,84.91611839,13657091159.0,19542776716.0,-5885685557.0
2018-07-01,4.74800909,5.54530909,11.29073595,372.06,10.8,101.5,92.92046998,76.9,921.37,1259.99,636.5,817.2,359.06,588.37,262.27,274.42,78.8,78.6,79.36053901,71.63963472,77.45746057,74.44685163,84.93315438,14771360698.0,20957948646.0,-6186587948.0
2018-08-01,5.73019444,6.60658333,11.54990674,396.62,11.2,96.3,88.70138173,77.6,1062.62,1454.6,713.3,921.14,388.85,641.66,272.91,295.04,79.7,78.9,82.12342241,73.86772353,75.7520543,73.67273968,84.22885194,12926754199.0,15566872960.0,-2640118761.0
2018-09-01,6.36687,7.42468,12.27809811,439.78,11.5,90.4,81.14839561,75.8,1134.43,1563.27,806.73,1044.58,432.61,729.58,302.42,327.76,77.7,76.4,80.73216034,69.94945417,73.03172955,69.4447143,83.60850689,15247368846.0,16931336456.0,-1683967610.0
2018-10-01,5.85937273,6.7417,12.60575281,443.78,11.6,91.1,78.41815398,75.0,1073.73,1473.07,773.58,990.48,428.35,717.47,302.1,331.58,75.6,75.7,76.47227932,69.48269337,72.23698329,67.8861193,82.2522869,16590652490.0,16402671366.0,187981124.0
2018-11-01,5.37349091,6.10608182,12.42386204,432.55,12.2,96.8,80.94738021,73.7,1005.82,1366.97,710.86,908.91,417.98,695.3,295.47,322.29,73.3,75.0,77.78963344,68.57003423,71.90969755,67.8234249,80.50065898,16386878393.0,16295393465.0,91484928.0
2018-12-01,5.30612381,6.03868095,12.37359861,422.94,12.7,97.7,79.66066557,74.0,1000.27,1361.31,674.71,893.91,411.1,670.12,296.56,321.39,74.5,74.1,78.44761771,67.24207636,70.12090405,67.64359032,78.45249134,14645696251.0,16744674178.0,-2098977927.0
2019-01-01,5.36939091,6.13243182,12.50522596,424.86,13.6,95.4,80.11330377,74.3,1016.2,1374.83,658.91,883.55,425.76,724.73,300.96,327.34,73.8,74.5,76.10089591,67.1478035,68.88167465,65.6918105,80.96679978,13875105176.0,16164882392.0,-2289777216.0
2019-02-01,5.262055,5.975095,12.52533133,425.26,13.8,96.9,78.79038966,74.1,1031.2,1403.19,659.59,881.39,430.57,748.66,301.64,329.13,73.2,73.3,75.57706304,67.52369755,68.89433757,66.96487814,78.55078388,14323197511.0,16056511004.0,-1733313493.0
2019-03-01,5.4419381,6.15798095,12.65413135,431.98,13.9,99.3,81.10049382,74.7,1047.9,1425.26,681.05,917.99,438.99,782.23,302.14,333.07,73.5,73.5,76.3066303,68.3133893,72.17814585,67.37320109,77.69472561,16336019239.0,18250424053.0,-1914404814.0
2019-04-01,5.73577143,6.44753333,12.8683792,444.85,13.8,100.0,83.61170614,75.0,1103.41,1483.9,713.26,954.82,443.07,789.97,306.23,337.49,74.7,74.2,77.13836653,69.7244817,72.27522599,69.96138892,77.40824084,15341642227.0,18073122744.0,-2731480517.0
2019-05-01,6.04944545,6.76732273,12.99058215,456.74,13.7,94.7,77.04567514,76.1,1133.27,1522.87,739.6,973.5,452.35,806.32,312.95,346.56,76.3,75.6,78.25250362,71.30738887,74.54742011,70.39605206,79.45902129,16855276439.0,18540975384.0,-1685698945.0
2019-06-01,5.81193529,6.55689412,12.99403776,457.16,13.7,99.6,80.09404011,76.6,1130.24,1521.49,719.65,941.6,451.32,786.89,318.3,346.03,76.8,77.2,78.23434224,71.95131601,77.81794314,69.37392131,82.20668457,11635155955.0,15064938704.0,-3429782749.0
2019-07-01,5.67217727,6.36913182,13.1702739,452.63,13.9,96.6,78.93809794,75.9,1136.69,1519.58,695.88,927.62,447.39,770.76,318.69,347.09,75.8,75.7,78.15574238,70.31918731,76.46818051,68.55704059,80.26091255,15932825859.0,19229093978.0,-3296268119.0
2019-08-01,5.62478889,6.25602778,13.2833666,449.96,14.1,102.1,79.60414532,76.2,1165.15,1568.81,682.4,906.86,446.87,772.53,321.08,346.87,75.5,76.5,75.58488037,71.50031009,74.43481084,66.81031952,82.25059031,13224033745.0,15564693229.0,-2340659484.0
2019-09-01,5.71279524,6.29359524,13.41530809,450.55,14.1,99.7,77.63885503,76.0,1155.69,1551.35,673.37,922.54,448.7,767.64,326.03,348.6,75.5,75.7,75.65826949,72.58876398,76.49542558,68.03791086,79.74470863,15275275101.0,16940616388.0,-1665341287.0
2019-10-01,5.78454091,6.38590909,13.68390327,451.31,13.5,104.2,78.17048933,76.0,1169.38,1569.64,658.51,927.95,449.69,765.21,330.7,351.75,75.6,75.5,75.67833429,72.18040141,74.9442209,66.65872144,79.95962628,16414316140.0,18176350241.0,-1762034101.0
2019-11-01,5.73122857,6.33985238,13.73605157,450.97,13.3,105.9,81.24018395,76.7,1155.45,1550.49,646.65,927.06,451.68,763.57,334.24,352.68,76.6,76.6,77.1571373,72.09902002,73.65326823,68.01749236,81.4336904,16249041302.0,18228550675.0,-1979509373.0
2019-12-01,5.83762727,6.48088636,13.83814915,454.08,13.4,108.7,80.48867194,76.9,1161.68,1555.84,656.09,946.16,453.21,772.11,331.95,354.61,76.5,77.1,77.37460149,72.64965003,73.78328461,69.54787639,81.49982788,15408952257.0,20056730816.0,-4647778559.0
2020-01-01,5.91815909,6.57505909,14.02506627,462.42,13.0,106.4,81.11781199,75.8,1196.74,1616.97,673.29,970.0,460.8,785.23,335.38,367.28,75.0,75.2,73.83145361,71.13234281,71.64860132,68.48845968,78.43485065,14701547010.0,19214398178.0,-4512851168.0
2020-02-01,6.04447,6.5939,14.07438725,464.64,12.6,106.7,79.29114811,76.6,1236.99,1671.0,688.78,960.37,464.88,791.77,337.44,370.37,76.1,76.4,76.58406924,71.98885525,71.97975371,69.91931644,79.8683967,14608457412.0,17643981702.0,-3035524290.0
2020-03-01,6.31443182,6.98874091,14.15480873,468.69,13.0,98.6,80.9837989,76.2,1258.32,1710.57,712.11,970.23,468.5,794.75,338.68,376.9,75.7,76.5,75.98721587,72.17281537,74.51075374,69.89827227,80.55018648,13353541661.0,18822162535.0,-5468620874.0
2020-04-01,6.81895238,7.41676667,14.2757551,474.69,13.5,62.3,78.17727508,61.9,1359.39,1874.53,739.58,1011.56,477.5,796.78,345.59,384.28,65.5,51.4,71.19759493,58.85676448,58.44936007,51.34885521,42.92906448,8978637574.0,13559434963.0,-4580797389.0
2020-05-01,6.95194706,7.55951765,14.47021172,482.02,13.6,73.5,82.85047469,62.7,1396.59,1945.13,749.43,1049.52,487.34,819.01,355.38,391.3,64.5,64.6,71.49619022,61.76636293,52.19842287,56.45896606,66.08046559,9956403964.0,13393625167.0,-3437221203.0
2020-06-01,6.80883182,7.66242273,14.63419615,485.37,13.7,89.8,82.97922262,65.8,1394.19,1937.4,741.78,1061.04,492.53,829.19,361.04,396.98,67.0,67.0,70.80682566,64.86319507,63.58646566,60.06565703,67.88556079,13461087622.0,16318144199.0,-2857056577.0
2020-07-01,6.85109524,7.82097619,14.71964397,490.33,14.1,99.4,82.82247177,70.7,1467.41,2050.72,748.27,1123.14,503.41,851.15,368.95,406.99,73.3,69.8,78.40840653,70.84269972,73.50795265,64.08714948,70.64626819,14892111653.0,17717772843.0,-2825661190.0
2020-08-01,7.25219,8.57579,14.84687326,501.85,12.9,105.2,79.77182328,73.0,1620.12,2291.44,801.59,1221.19,522.12,898.35,375.46,419.9,75.1,70.7,80.36835849,71.67652056,77.73746102,66.33576946,71.3688757,12457175274.0,18753214226.0,-6296038952.0
2020-09-01,7.50778182,8.86075,14.99138061,515.13,12.6,105.7,81.90815673,74.3,1689.73,2399.56,847.59,1279.75,535.21,928.35,384.72,434.04,76.0,72.4,79.18916408,73.73630995,76.11245526,69.76455031,72.59473804,15992041275.0,20846245265.0,-4854203990.0
2020-10-01,7.87388095,9.27370476,15.3108675,533.44,13.1,109.7,81.54335148,74.9,1727.87,2448.61,896.36,1332.92,551.82,974.35,392.09,454.7,76.9,73.1,79.40932358,73.78288772,76.39197547,70.60282126,74.75929081,17323085566.0,19713269082.0,-2390183516.0
2020-11-01,8.00332381,9.4572,15.66271148,555.18,13.0,107.4,79.9841112,75.3,1772.01,2509.82,962.99,1414.37,576.73,1055.2,402.37,470.78,77.6,74.1,80.97731158,75.29101241,78.78259634,71.39084637,75.434432,16092912482.0,21142392396.0,-5049479914.0
2020-12-01,7.72106522,9.38417391,15.85842469,568.27,12.6,110.4,79.79660143,75.4,1730.61,2440.02,1025.39,1446.04,583.57,1072.61,419.49,472.94,77.6,74.6,79.99031142,74.49040386,77.23146389,72.45114445,76.06941213,17852408816.0,22385196412.0,-4532787596.0
2021-01-01,7.393975,9.00809,16.12513498,583.38,12.3,109.0,82.86952357,75.6,1702.73,2378.78,1056.08,1412.81,596.93,1081.49,428.3,479.09,77.8,74.6,82.82358715,75.69194118,76.61060756,72.27593818,76.15755224,15003935000.0,18065287000.0,-3061352000.0
2021-02-01,7.072365,8.556185,16.27152721,590.52,13.2,108.7,84.10742231,75.5,1657.37,2269.41,1051.19,1373.08,600.05,1081.58,435.3,477.58,78.1,74.6,80.74044222,75.20309743,80.39709322,73.3349654,75.68030671,15952529000.0,19299649000.0,-3347120000.0
2021-03-01,7.62823478,9.09133478,16.44650676,614.93,12.9,110.2,86.62952308,75.6,1710.67,2348.55,1146.37,1474.34,616.03,1130.44,438.87,484.57,78.3,75.7,80.43420978,76.09021624,76.06014006,73.46674661,77.36516771,18955706000.0,23621772000.0,-4666066000.0
2021-04-01,8.15502381,9.73389524,16.72264145,641.63,13.3,107.4,80.25356807,76.2,1828.41,2490.63,1269.94,1598.74,639.83,1211.56,448.2,500.55,78.8,73.9,81.82074632,74.65406928,78.61739659,73.89804368,74.1531185,18756865000.0,21836914000.0,-3080049000.0
2021-05-01,8.34225,10.13066111,16.8712327,666.79,13.4,107.1,77.52774271,75.2,1956.84,2684.33,1383.86,1742.35,666.66,1276.88,462.73,510.65,79.1,69.0,82.06487767,74.76083559,80.12381979,75.01648422,62.69788254,16468343000.0,20624350000.0,-4156007000.0
2021-06-01,8.59668182,10.37121364,17.1988874,693.54,11.0,109.8,81.9708423,76.3,2021.6,2794.26,1483.84,1789.1,694.39,1332.03,481.4,523.75,79.8,72.2,82.4858656,75.40661041,83.17293845,75.43892993,69.76772703,19740427000.0,22610957000.0,-2870530000.0
2021-07-01,8.61294118,10.19218824,17.50926405,710.61,11.6,112.1,80.09376671,76.4,2012.11,2776.69,1560.13,1778.87,706.65,1364.94,493.9,530.52,80.0,70.2,81.73579051,75.97260897,78.69054306,74.46876865,65.35762194,16357698000.0,20686249000.0,-4328551000.0
2021-08-01,8.47571429,9.97830476,17.7052914,730.28,12.0,112.2,78.49322864,76.8,2123.57,2714.67,1605.35,1782.36,738.26,1510.33,503.26,536.15,78.9,74.8,79.99304268,75.93350454,77.3508257,74.13030259,76.73835224,18860976000.0,23166487000.0,-4305511000.0
2021-09-01,8.51188182,10.02857727,17.92707877,741.58,11.3,113.3,79.60433638,77.8,2089.53,2668.36,1625.09,1819.34,745.64,1516.13,519.51,544.39,79.9,77.0,81.87021352,75.89358928,76.69409188,76.10445545,80.31773272,20715563000.0,23320429000.0,-2604866000.0
2021-10-01,9.139945,10.601325,18.35620276,780.45,11.0,111.3,76.46037543,77.5,2226.68,2910.61,1714.04,2021.39,775.99,1579.57,542.32,563.46,79.5,74.8,80.32354651,75.67609876,75.84876581,74.47060157,75.95345982,20713984000.0,22223334000.0,-1509350000.0
2021-11-01,10.52326364,12.01139545,19.00083118,858.43,11.2,112.0,70.84798367,77.6,2492.22,3314.8,1898.32,2315.17,846.46,1731.43,562.72,601.33,80.1,73.9,80.44848768,75.70046123,76.37809549,76.67547307,72.70725001,21455112000.0,26901852000.0,-5446740000.0
2021-12-01,13.52849565,15.28957826,21.58028731,1022.25,11.0,110.1,68.51105049,78.4,3005.03,4112.5,2367.77,2856.06,997.58,2115.95,625.82,689.43,80.3,76.2,81.42536333,75.1896477,75.36774215,75.42259406,78.63780205,22233318000.0,29065813000.0,-6832495000.0
2022-01-01,13.5192619,15.31479524,23.97659609,1129.03,11.3,111.9,72.74467146,78.0,3077.23,4199.51,2495.39,3041.94,1095.11,2240.97,727.35,762.74,79.2,74.2,80.10882137,74.468698,75.04045825,75.29062215,73.91792676,17553745000.0,27843690000.0,-10289945000.0
2022-02-01,13.621125,15.44385,25.1295134,1210.6,10.6,109.9,70.76649429,77.2,3220.89,4381.92,2568.25,3228.45,1190.11,2426.65,823.58,793.57,78.7,72.4,80.51410632,73.49756386,71.36070862,75.27463001,70.6903477,19904331000.0,27884541000.0,-7980210000.0
2022-03-01,14.5656087,16.05401739,26.50264734,1321.9,11.2,108.2,72.56592991,78.2,3544.91,4851.32,2878.66,3592.1,1243.65,2544.93,854.48,827.35,78.7,76.0,79.54961461,73.58069466,76.41730087,76.51505313,77.65647115,22609642000.0,30876581000.0,-8266939000.0
2022-04-01,14.68356667,15.93217619,28.42365261,1423.27,10.8,107.7,67.28,78.1,3808.3,4934.47,3069.68,3785.55,1277.46,2579.04,885.85,859.91,79.7,74.8,80.9928386,74.36393773,75.48057046,76.09150033,75.76856599,23330991000.0,29478504000.0,-6147513000.0
2022-05-01,15.62392222,16.52858333,29.27090546,1548.01,10.8,107.0,67.76,78.1,3858.88,4987.27,3183.54,3734.86,1304.17,2607.2,903.08,888.02,80.0,75.0,81.67461505,73.98362047,76.48693201,76.3003259,75.71812828,18931812000.0,29588390000.0,-10656578000.0
2022-06-01,16.96471818,17.95923636,30.72037698,1652.75,10.2,104.6,63.41,77.5,4150.16,5402.78,3279.12,3915.44,1375.95,2767.64,944.76,950.04,79.6,73.5,82.06251019,74.85820476,74.85620712,77.51087324,71.00196159,23359482000.0,31595085000.0,-8235603000.0
2022-07-01,17.38741667,17.77287778,31.44699761,1738.21,10.2,102.5,68.51,78.1,4179.64,5222.1,3190.01,3653.13,1421.51,2762.81,1005.32,1004.8,79.2,76.7,80.6132983,73.98796025,76.8192339,74.24377239,79.96139263,18536548000.0,29238596000.0,-10702048000.0
2022-08-01,17.99495,18.25220909,31.90627966,1780.05,9.8,101.4,72.73,76.6,4285.67,5349.72,3108.9,3856.15,1474.09,2773.51,1067.97,1027.97,78.3,72.2,79.07494565,74.69231509,78.4677826,72.34406884,70.55287691,21275850000.0,32532085000.0,-11256235000.0
2022-09-01,18.28147727,18.12869545,32.88767303,1865.09,10.1,100.2,72.87,77.3,4177.99,5216.08,3132.95,3794.03,1526.01,2877.73,1106.31,1057.79,77.4,78.3,79.15334741,74.29718822,76.60384739,74.1003908,82.98337223,22596774000.0,32203936000.0,-9607162000.0
2022-10-01,18.56461429,18.24976667,34.05347034,2011.13,10.3,102.0,76.25,76.6,4188.51,5240.73,3143.79,3820.51,1561.09,2863.94,1158.63,1084.67,76.7,77.4,76.38346957,75.07665352,76.61095613,74.68424776,80.43816693,21300785000.0,29202395000.0,-7901610000.0
2022-11-01,18.59089545,18.92045455,35.035492,2026.08,10.1,101.3,76.58,75.9,4358.53,5496.82,3121.86,3920.18,1616.35,2966.99,1205.97,1120.56,75.4,76.8,75.30200065,74.47492223,74.54050417,73.96337803,79.3811154,21871039000.0,30655219000.0,-8784180000.0
2022-12-01,18.63696818,19.70469091,35.44985111,2021.19,10.4,101.6,75.38,76.4,4498.56,5713.57,3151.41,4004.73,1678.32,3037.6,1287.22,1160.9,76.4,78.9,75.1296035,74.61866578,74.72406588,74.96782054,83.22178933,22898749000.0,32611552000.0,-9712803000.0
2023-01-01,18.75757273,20.19571364,37.80689159,2105.17,9.7,103.4,79.1,75.8,4640.45,5977.64,3218.34,4168.48,1760.31,3174.5,1369.53,1217.4,75.6,77.0,74.52828216,74.65647191,73.98629233,75.01229586,79.06407584,19331709000.0,33621846000.0,-14290137000.0
2023-02-01,18.82331,20.193965,38.99593573,2138.04,10.0,102.4,82.5,75.7,4608.43,5925.98,3323.44,4207.61,1881.66,3776.22,1385.77,1272.52,74.9,78.1,74.04890727,73.74510213,74.16525446,75.63535931,82.09822791,18565678000.0,30695902000.0,-12130224000.0
2023-03-01,18.9693087,20.28885217,39.88873981,2147.44,10.2,104.1,80.13,74.2,4641.23,5991.17,3426.85,4145.7,1905.05,3792.19,1412.44,1284.49,72.7,78.6,68.52754351,74.07209708,74.16819513,75.72721793,81.61387756,23562970000.0,31938752000.0,-8375782000.0
2023-04-01,19.30225263,21.14891053,40.84028928,2164.94,10.1,105.1,87.52,75.6,4861.19,6395.86,3506.86,4225.27,1953.79,3873.27,1421.77,1336.71,74.4,79.1,72.10360524,75.04381144,74.67032375,76.45219559,82.2571279,19250045000.0,27988326000.0,-8738281000.0
2023-05-01,19.68404762,21.42548095,40.85788148,2179.02,9.5,105.1,91.06,76.3,4907.23,6460.14,3515.08,4200.31,1996.04,3952.88,1449.49,1385.8,75.5,78.4,74.76659214,74.44192421,74.50414991,76.25278654,80.71780886,21633012000.0,34125638000.0,-12492626000.0
2023-06-01,23.06448947,24.94428421,42.459714,2320.72,9.3,105.7,85.13,76.6,5576.92,7436.38,3823.46,4665.91,2125.77,4207.99,1510.7,1509.93,76.2,79.2,77.01772144,75.45624757,76.39936462,76.92707745,81.69322554,20773219000.0,26071482000.0,-5298263000.0
2023-07-01,26.4227381,29.20408571,46.48864164,2511.75,9.4,104.9,80.07,76.9,6284.36,8498.37,4173.12,5361.27,2386.76,4616.33,1659.92,1690.66,76.1,79.6,77.22526291,74.62701124,75.02944155,76.93446383,82.63545099,19779817000.0,32311359000.0,-12531542000.0
2023-08-01,26.95057727,29.4287,50.71296836,2659.6,9.1,104.6,68.01,75.7,6396.9,8554.39,4231.07,5459.49,2506.05,4869.75,1764.63,1788.05,75.9,73.5,76.73828924,74.3280987,75.61206208,72.62443081,70.50983471,21556273000.0,30268059000.0,-8711786000.0
2023-09-01,26.94091905,28.82047143,53.12341372,2749.98,9.0,105.1,71.47,76.9,6433.87,8602.12,4226.72,5480.31,2544.99,4862.98,1875.59,1828.75,76.2,78.3,75.2152573,74.21920419,74.91728815,74.39286378,81.24227765,22411386000.0,27506433000.0,-5095047000.0
2023-10-01,27.79603182,29.35675,54.9476619,2803.29,8.5,105.3,74.62,76.8,6551.05,8723.38,4287.22,5517.85,2594.33,4892.99,1911.75,1883.63,76.2,78.8,76.02667796,73.96082001,74.33293784,73.75527238,82.71121752,22804541000.0,29407654000.0,-6603113000.0
2023-11-01,28.58558636,30.84694545,56.75054812,2882.04,8.9,103.9,75.47,77.5,6954.14,9329.97,4376.36,5718.08,2667.19,4990.54,1970.18,1928.17,76.7,78.9,76.55308182,75.00972596,75.75446406,74.59394179,82.59793833,23000730000.0,28973697000.0,-5972967000.0
2023-12-01,29.0225619,31.65784286,58.41175431,2915.02,8.9,103.4,77.42,77.3,7201.64,9689.0,4517.42,5849.19,2736.05,5044.41,2068.32,1977.52,76.5,77.4,76.49302772,74.38525747,74.72714151,74.17197991,79.11890285,22958051000.0,29057765000.0,-6099714000.0
2024-01-01,29.9997,32.75426818,62.32727511,3035.59,9.2,102.9,80.42310949,76.4,7457.2,9993.53,4760.87,6229.53,2883.98,5231.7,2189.2,2048.76,75.8,75.7,77.11153575,72.97847044,73.84044963,73.63710882,76.47364196,20000625000.0,26186038000.0,-6185413000.0
2024-02-01,30.70415238,33.13708095,65.15019471,3149.03,8.6,102.0,79.34287272,77.0,7568.2,10140.44,4998.52,6286.84,2963.82,5372.83,2240.23,2118.78,76.7,76.4,77.00866233,72.73272204,74.50286916,73.76492684,78.91384299,21091519000.0,27859429000.0,-6767910000.0
2024-03-01,31.92921905,34.71372857,67.21068098,3252.79,8.8,103.5,79.35478993,77.2,8110.61,10980.57,5195.92,6971.02,3040.0,5529.88,2278.78,2205.94,76.5,76.5,75.9221381,73.11829679,76.43573741,74.20989409,78.26263817,22648722000.0,29951123000.0,-7302401000.0
2024-04-01,32.27132778,34.63321111,69.34781897,3369.98,8.6,103.5,80.46085072,77.0,8956.59,11857.03,5265.54,7523.25,3134.18,5778.47,2359.16,2268.32,77.0,75.9,76.3170646,73.45014163,76.96151843,75.94896887,75.85410842,19292521000.0,29183794000.0,-9891273000.0
2024-05-01,32.18989545,34.78243182,71.6834975,3435.96,8.4,102.4,80.50803678,76.6,9142.63,12149.55,5199.87,7491.56,3224.55,6161.85,2382.97,2306.91,76.1,76.6,74.48928492,72.78219764,76.17689007,78.02634684,77.94563273,24180070000.0,30648252000.0,-6468182000.0
2024-06-01,32.46274706,34.98173529,72.85966164,3483.25,9.2,100.5,78.30087847,76.2,9259.35,12337.83,5157.5,7419.51,3253.32,6190.66,2421.24,2328.3,76.3,75.4,74.43497228,72.49667557,76.86691562,79.01596827,74.34613669,19015329000.0,24904342000.0,-5889013000.0
2024-07-01,32.83532727,35.57654091,75.2097909,3550.88,9.0,98.7,75.87954525,75.9,9445.93,12687.34,5170.44,7587.58,3264.68,6133.7,2412.1,2364.74,75.6,76.0,75.24774264,71.27139091,74.62611771,76.52221921,77.77062334,22475505000.0,29780778000.0,-7305273000.0
2024-08-01,33.56078095,36.90665714,77.0707942,3610.51,8.5,98.0,76.36547339,75.7,9750.94,13162.04,5184.47,7626.26,3354.58,6194.45,2493.21,2413.15,75.6,71.9,75.39058434,72.04976682,73.42050833,76.52221435,68.46502496,22000689000.0,27004525000.0,-5003836000.0
2024-09-01,33.96927143,37.71517619,79.35840832,3659.84,8.5,99.2,78.22093197,75.9,10117.24,13751.94,5279.37,8268.83,3375.9,6262.99,2509.52,2484.61,75.5,76.1,74.39824218,72.29437944,74.45412902,76.02291616,78.6277448,21956026000.0,27117093000.0,-5161067000.0
2024-10-01,34.17101818,37.33355455,81.64382342,3707.1,8.7,102.2,80.55364561,75.2,10526.27,14364.56,5402.22,8778.23,3400.88,6398.88,2545.63,2501.38,74.9,75.0,73.90088875,72.41845672,74.31468037,73.65651851,77.59196535,23473313000.0,29411784000.0,-5938471000.0
2024-11-01,34.36471429,36.57262857,83.47592526,3731.43,8.4,103.4,79.77236914,75.6,10609.92,14496.21,5420.45,8792.35,3428.1,6386.44,2570.37,2512.7,75.4,74.8,75.08516865,71.82349775,74.45667702,72.67520609,78.09799726,22236792000.0,29745132000.0,-7508340000.0
2024-12-01,34.90382273,36.57701364,84.33417324,3746.52,8.6,102.7,81.27129334,75.6,10570.02,14426.25,5430.01,8786.97,3507.01,6345.13,2711.49,2529.23,75.5,74.3,75.72440397,71.40402898,73.98925989,73.60134594,76.78777617,23407021000.0,32217983000.0,-8810962000.0
2025-01-01,35.45595909,36.71676818,88.57829117,3861.33,8.5,102.6,80.96201449,74.8,10735.3,14730.49,5406.99,8902.12,3581.04,6488.2,2749.45,2595.18,75.1,73.5,76.08043651,70.08362869,73.49645849,72.20853213,75.20328841,21160019380.0,28655956302.0,-7495936922.0
2025-02-01,36.09402,37.58107,90.59196963,3943.01,8.2,102.8,82.07125469,74.9,11451.51,15872.97,5462.92,9581.82,3670.72,6638.26,2838.64,2624.86,75.3,71.6,75.01145049,70.14210194,72.86027687,71.94613446,70.90533709,20727903120.0,28524190835.0,-7796287715.0
2025-03-01,36.970675,39.870595,92.82052423,4017.3,8.0,103.2,85.85941588,75.2,12015.43,16737.55,5566.78,9976.03,3760.6,6850.8,2876.24,2692.79,74.8,72.0,73.55663518,70.52488487,74.4639369,71.13690881,72.30602944,23405171218.0,30600207565.0,-7195036347.0
2025-04-01,38.021785,42.645005,95.6019765,4128.19,8.6,100.8,83.86290602,74.6,12823.66,18042.7,5750.9,10666.39,3833.22,7030.95,2898.87,2821.17,74.5,73.2,72.74349776,71.31128868,74.07544144,71.91399623,74.48817452,20779136831.0,32891433033.0,-12112296202.0
2025-05-01,38.685355,43.656515,97.06307144,4230.69,8.4,98.6,84.79218744,75.1,13439.04,19062.57,5882.18,11083.01,3918.13,7202.09,2952.03,2908.43,75.0,73.6,73.88570428,71.01204483,73.68571475,71.51949088,75.37187047,24815506616.0,31458166047.0,-6642659431.0
2025-06-01,39.33922632,45.26236316,98.39599463,4334.94,8.7,98.4,85.06417614,74.4,13960.81,19944.07,5986.06,11556.01,4029.82,7372.03,3075.46,2966.24,75.1,71.9,74.73364801,71.17635481,71.8430376,68.57463556,72.16245813,20467852903.0,28685581117.0,-8217728214.0
2025-07-01,40.10610455,46.91346818,100.4219248,4409.73,8.1,98.9,83.51878976,74.1,14239.31,20320.09,6034.24,11730.5,4100.49,7535.81,3097.96,3044.34,74.7,71.1,74.6455702,72.46310907,71.49492381,65.68329867,72.69032405,24909273953.0,31372196692.0,-6462922739.0
2025-08-01,40.72830952,47.33145238,102.46576131,4518.89,8.5,100.6,84.2505225,73.6,14534.9,20688.24,6100.24,11988.28,4176.68,7590.93,3189.5,3074.22,74.7,68.1,73.73101445,72.43181027,72.80409757,66.3565627,64.86318459,21701089581.0,25984391325.0,-4283301744.0
2025-09-01,41.21921364,48.35282273,105.78000589,4632.89,8.6,100.8,83.87427161,73.8,15492.91,22238.7,6187.73,12801.2,4268.13,7758.01,3268.91,3136.71,74.9,70.7,75.62306869,72.94119698,72.14064683,63.48679944,71.41921842,22513547826.0,29470791203.0,-6957243377.0
2025-10-01,41.73025,48.60069091,108.47758107,4708.2,8.5,102.0,83.62820392,74.0,17149.73,24857.17,6350.02,13947.4,4351.78,8024.12,3307.63,3180.8,75.0,71.8,74.71485515,74.1083235,72.63796033,63.90427087,74.08003789,23949500637.0,31511198990.0,-7561698353.0
2025-11-01,42.17916,48.74414,109.41593639,4747.63,8.6,103.2,84.98021374,74.1,18526.05,27129.56,6453.42,14655.95,4415.37,8141.87,3360.9,3207.75,75.2,71.8,75.34459065,72.84205467,73.10364153,64.71207213,74.25003702,22506333344.0,30516680933.0,-8010347589.0
2025-12-01,42.58609565,49.84766957,110.38696292,4783.04,7.8,103.7,83.48995007,74.2,19810.23,29201.68,6568.1,15501.87,4518.2,8553.07,3395.07,3235.33,75.3,71.7,75.75230081,74.08281463,71.19626858,64.54435128,73.26466598,26298394438.0,35735507208.0,-9437112770.0
2026-01-01,43.11246667,50.56317619,115.73,4910.53,8.1,103.0,83.72307474,74.4,21355.53,31894.75,6710.15,16710.47,4615.68,8914.95,3429.57,3282.8,75.2,71.5,75.61369149,74.02264622,69.22203,63.6724957,73.58069885,20327377724.0,28696270944.0,-8368893220.0
2026-02-01,43.585695,51.582955,119.16,5029.76,8.4,104.1,85.68983532,74.0,22917.74,34328.26,6805.63,17117.61,4834.4,9819.4,3467.08,3365.55,74.9,70.1,75.51160396,73.66867058,69.52965698,64.80398972,70.13769657,21017299908.0,30078195245.0,-9060895337.0
2026-03-01,44.07372857,51.02170952,121.47,5145.36,8.1,100.0,85.04365043,74.0,22838.67,34158.26,6960.9,17446.72,4895.28,9993.2,3513.41,3380.12,74.7,69.5,74.83941226,73.51332204,71.06879508,65.59037507,68.27640215,21910459424.0,33079483931.0,-11169024507.0
2026-04-01,44.64974762,52.14538571,126.55,5308.46,8.2,98.6,85.50276007,74.0,23305.81,34691.31,7209.79,18250.83,4958.44,10268.75,3599.27,3422.86,74.9,70.3,75.08161563,72.45672932,71.99176769,65.27502866,71.43046072,25382058933.0,33909889526.0,-8527830593.0
2026-05-01,45.31505,52.97251875,128.72,5454.58,8.1,101.0,85.7554237,74.1,23255.93,34614.32,7364.5,18935.35,5099.11,10485.56,3734.34,3478.09,75.2,70.3,76.0514026,73.52355236,73.91067822,69.53037672,65.91668141,22397693255.0,28072694752.0,-5675001497.0
2026-06-01,46.13531364,53.19268636,129.99,5552.52,7.6,102.0,87.93244877,74.3,22751.34,33792.53,7591.1,19485.04,5197.57,10788.35,3794.01,3539.92,75.0,73.4,76.24815039,73.76689184,71.71379066,67.08001544,74.34196528,24881704442.0,35282570920.0,-10400866478.0
2026-07-01,46.94943636,53.60276364,132.31,5637.14,8.1,101.2,89.82971678,73.8,22316.94,32827.18,7700.25,19404.24,5297.28,11018.86,3945.48,3572.24,74.9,71.2,75.6455052,73.36429855,71.46349666,68.47939421,68.49482353,25622852294.0,32965735681.0,-7342883387.0
2026-08-01,47.7388381,55.31579524,134.75,5781.74,,102.4,90.76532875,73.5,23730.75,35163.01,7849.8,20220.15,5441.35,11377.52,4090.09,3633.46,74.7,69.7,75.75156892,73.89787228,72.36994052,67.01532348,65.85234555,,,
